Contrast,Method,Lipid_Class,Sig.Level,Tentative_Lipid_ID,logFC,t,P.Value,adj.P.Val,B,Sig.Level,MetaboAnalysisDate,ExclusionVersion,AveExpr
MIX,1,LPC,NA,"LPC(16:1),LPC(P-17:0)",NA,NA,NA,NA,NA,NA,NA,EB,NA
MIX,1,LPC,NA,"LPC(17:1),LPC(O-18:1),LPC(P-18:0)",NA,NA,NA,NA,NA,NA,NA,EB,NA
MIX,1,LPC,NA,LPC(19:3),NA,NA,NA,NA,NA,NA,NA,EB,NA
MIX,1,LPC,NA,"LPC(20:2),PC(O-20:2)",NA,NA,NA,NA,NA,NA,NA,EB,NA
MIX,1,LPC,NA,LPC(20:3),NA,NA,NA,NA,NA,NA,NA,EB,NA
MIX,1,LPC,NA,LPC(22:4),NA,NA,NA,NA,NA,NA,NA,EB,NA
MIX,1,LPC,NA,LPC(22:5),NA,NA,NA,NA,NA,NA,NA,EB,NA
MIX,1,LPC,NA,LPC(24:1),NA,NA,NA,NA,NA,NA,NA,EB,NA
MIX,1,LPE,NA,LPE(20:1),NA,NA,NA,NA,NA,NA,NA,EB,NA
MIX,1,LPE,NA,LPE(20:3),NA,NA,NA,NA,NA,NA,NA,EB,NA
MIX,1,LPE,NA,LPE(20:4),NA,NA,NA,NA,NA,NA,NA,EB,NA
MIX,1,LPE,NA,LPE(20:5),NA,NA,NA,NA,NA,NA,NA,EB,NA
MIX,1,LPE,NA,LPE(22:4),NA,NA,NA,NA,NA,NA,NA,EB,NA
MIX,1,LPE,NA,LPE(22:5),NA,NA,NA,NA,NA,NA,NA,EB,NA
MIX,1,LPE,NA,LPE(22:6),NA,NA,NA,NA,NA,NA,NA,EB,NA
MIX,1,PC,NA,"PC(30:2),PC(P-31:1)",NA,NA,NA,NA,NA,NA,12524,E3,NA
MIX,1,PC,NA,"PC(31:0),PC(O-32:0)",NA,NA,NA,NA,NA,NA,12524,E3,NA
MIX,1,PC,NA,"PC(32:0),PC(O-33:0)",NA,NA,NA,NA,NA,NA,12524,E3,NA
MIX,1,PC,NA,"PC(32:1),PC(O-33:1),PC(P-33:0)",NA,NA,NA,NA,NA,NA,12524,E3,NA
MIX,1,PC,NA,"PC(32:2),PC(O-33:2),PC(P-33:1)",NA,NA,NA,NA,NA,NA,12524,E3,NA
MIX,1,PC,NA,"PC(33:0),PC(O-34:0)",NA,NA,NA,NA,NA,NA,12524,E3,NA
MIX,1,PC,NA,"PC(33:0),PC(O-34:0)",NA,NA,NA,NA,NA,NA,12524,E3,NA
MIX,1,PC,NA,"PC(33:1),PC(O-34:1),PC(P-34:0)",NA,NA,NA,NA,NA,NA,12524,E3,NA
MIX,1,PC,NA,"PC(33:2),PC(O-34:2),PC(P-34:1)",NA,NA,NA,NA,NA,NA,12524,E3,NA
MIX,1,PC,NA,"PC(34:0),PC(O-35:0)",NA,NA,NA,NA,NA,NA,12524,E3,NA
MIX,1,PC,NA,"PC(34:1),PC(O-35:1),PC(P-35:0)",NA,NA,NA,NA,NA,NA,12524,E3,NA
MIX,1,PC,NA,"PC(34:2),PC(O-35:2),PC(P-35:1)",NA,NA,NA,NA,NA,NA,12524,E3,NA
MIX,1,PC,NA,"PC(34:3),PC(P-35:2)",NA,NA,NA,NA,NA,NA,12524,E3,NA
MIX,1,PC,NA,"PC(35:2),PC(O-36:2),PC(P-36:1)",NA,NA,NA,NA,NA,NA,12524,E3,NA
MIX,1,PC,NA,"PC(35:3),PC(O-36:3),PC(P-36:2)",NA,NA,NA,NA,NA,NA,12524,E3,NA
MIX,1,PC,NA,"PC(35:4),PC(O-36:4),PC(P-36:3)",NA,NA,NA,NA,NA,NA,12524,E3,NA
MIX,1,PC,NA,"PC(36:3),PC(P-37:2)",NA,NA,NA,NA,NA,NA,12524,E3,NA
MIX,1,PC,NA,"PC(36:4),PC(O-37:4)",NA,NA,NA,NA,NA,NA,12524,E3,NA
MIX,1,PC,NA,PC(36:5),NA,NA,NA,NA,NA,NA,12524,E3,NA
MIX,1,PC,NA,"PC(36:8),PC(35:1),PC(O-36:1),PC(P-36:0)",NA,NA,NA,NA,NA,NA,12524,E3,NA
MIX,1,PC,NA,"PC(37:4),PC(O-38:4),PC(P-38:3)",NA,NA,NA,NA,NA,NA,12524,E3,NA
MIX,1,PC,NA,"PC(37:6),PC(O-38:6),PC(P-38:5)",NA,NA,NA,NA,NA,NA,12524,E3,NA
MIX,1,PC,NA,"PC(37:7),PC(P-38:6),PC(36:0),PC(O-37:0)",NA,NA,NA,NA,NA,NA,12524,E3,NA
MIX,1,PC,NA,PC(38:3),NA,NA,NA,NA,NA,NA,12524,E3,NA
MIX,1,PC,NA,PC(38:4),NA,NA,NA,NA,NA,NA,12524,E3,NA
MIX,1,PC,NA,PC(38:5),NA,NA,NA,NA,NA,NA,12524,E3,NA
MIX,1,PC,NA,PC(38:6),NA,NA,NA,NA,NA,NA,12524,E3,NA
MIX,1,PC,NA,"PC(38:7),PC(37:0),PC(O-38:0)",NA,NA,NA,NA,NA,NA,12524,E3,NA
MIX,1,PC,NA,"PC(38:8),PC(37:1),PC(O-38:1),PC(P-38:0)",NA,NA,NA,NA,NA,NA,12524,E3,NA
MIX,1,PC,NA,"PC(38:9),PC(37:2),PC(O-38:2),PC(P-38:1)",NA,NA,NA,NA,NA,NA,12524,E3,NA
MIX,1,PC,NA,"PC(39:6),PC(O-40:6),PC(P-40:5)",NA,NA,NA,NA,NA,NA,12524,E3,NA
MIX,1,PC,NA,"PC(39:7),PC(P-40:6),PC(38:0),PC(O-39:0)",NA,NA,NA,NA,NA,NA,12524,E3,NA
MIX,1,PC,NA,PC(40:5),NA,NA,NA,NA,NA,NA,12524,E3,NA
MIX,1,PC,NA,PC(40:6),NA,NA,NA,NA,NA,NA,12524,E3,NA
MIX,1,PC,NA,"PC(40:7),PC(39:0),PC(O-40:0)",NA,NA,NA,NA,NA,NA,12524,E3,NA
MIX,1,PC,NA,"PC(40:8),PC(39:1),PC(O-40:1),PC(P-40:0)",NA,NA,NA,NA,NA,NA,12524,E3,NA
MIX,1,PC,NA,PC(42:3),NA,NA,NA,NA,NA,NA,12524,E3,NA
MIX,1,PC,NA,PC(42:5),NA,NA,NA,NA,NA,NA,12524,E3,NA
MIX,1,PC,NA,"PC(42:7),PC(41:0),PC(O-42:0)",NA,NA,NA,NA,NA,NA,12524,E3,NA
MIX,1,PC,NA,"PC(42:8),PC(41:1),PC(O-42:1),PC(P-42:0)",NA,NA,NA,NA,NA,NA,12524,E3,NA
MIX,1,PC,NA,"PC(O-38:8),PC(36:1),PC(O-37:1),PC(P-37:0)",NA,NA,NA,NA,NA,NA,12524,E3,NA
MIX,1,PC,NA,"PC(O-38:9),PC(36:2),PC(O-37:2),PC(P-37:1)",NA,NA,NA,NA,NA,NA,12524,E3,NA
MIX,1,PE,NA,"PE(20:0),LPE(21:0)",NA,NA,NA,NA,NA,NA,12524,E2,NA
MIX,1,PE,NA,"PE(31:0),PE(O-32:0)",NA,NA,NA,NA,NA,NA,12524,E2,NA
MIX,1,PE,NA,"PE(34:2),PE(O-35:2),PE(P-35:1)",NA,NA,NA,NA,NA,NA,12524,E2,NA
MIX,1,PE,NA,"PE(35:3),PE(O-36:3),PE(P-36:2)",NA,NA,NA,NA,NA,NA,12524,E2,NA
MIX,1,PE,NA,"PE(36:3),PE(P-37:2)",NA,NA,NA,NA,NA,NA,12524,E2,NA
MIX,1,PE,NA,"PE(36:4),PE(O-37:4)",NA,NA,NA,NA,NA,NA,12524,E2,NA
MIX,1,PE,NA,PE(36:5),NA,NA,NA,NA,NA,NA,12524,E2,NA
MIX,1,PE,NA,PE(36:6),NA,NA,NA,NA,NA,NA,12524,E2,NA
MIX,1,PE,NA,"PE(37:4),PE(O-38:4),PE(P-38:3)",NA,NA,NA,NA,NA,NA,12524,E2,NA
MIX,1,PE,NA,"PE(37:5),PE(O-38:5),PE(P-38:4)",NA,NA,NA,NA,NA,NA,12524,E2,NA
MIX,1,PE,NA,"PE(37:6),PE(O-38:6),PE(P-38:5)",NA,NA,NA,NA,NA,NA,12524,E2,NA
MIX,1,PE,NA,PE(38:3),NA,NA,NA,NA,NA,NA,12524,E2,NA
MIX,1,PE,NA,PE(38:4),NA,NA,NA,NA,NA,NA,12524,E2,NA
MIX,1,PE,NA,PE(38:5),NA,NA,NA,NA,NA,NA,12524,E2,NA
MIX,1,PE,NA,PE(38:6),NA,NA,NA,NA,NA,NA,12524,E2,NA
MIX,1,PE,NA,"PE(38:7),PE(37:0),PE(O-38:0)",NA,NA,NA,NA,NA,NA,12524,E2,NA
MIX,1,PE,NA,"PE(38:9),PE(dO-40:9),PE(37:2),PE(O-38:2),PE(P-38:1)",NA,NA,NA,NA,NA,NA,12524,E2,NA
MIX,1,PE,NA,"PE(39:4),PE(O-40:4),PE(P-40:3)",NA,NA,NA,NA,NA,NA,12524,E2,NA
MIX,1,PE,NA,"PE(39:5),PE(O-40:5),PE(P-40:4)",NA,NA,NA,NA,NA,NA,12524,E2,NA
MIX,1,PE,NA,"PE(39:6),PE(O-40:6),PE(P-40:5)",NA,NA,NA,NA,NA,NA,12524,E2,NA
MIX,1,PE,NA,"PE(39:7),PE(P-40:6),PE(38:0),PE(O-39:0)",NA,NA,NA,NA,NA,NA,12524,E2,NA
MIX,1,PE,NA,"PE(40:10),PE(39:3),PE(O-40:3),PE(P-40:2)",NA,NA,NA,NA,NA,NA,12524,E2,NA
MIX,1,PE,NA,PE(40:4),NA,NA,NA,NA,NA,NA,12524,E2,NA
MIX,1,PE,NA,PE(40:5),NA,NA,NA,NA,NA,NA,12524,E2,NA
MIX,1,PE,NA,"PE(40:6),PE(dO-40:0)",NA,NA,NA,NA,NA,NA,12524,E2,NA
MIX,1,PE,NA,"PE(40:7),PE(39:0),PE(O-40:0)",NA,NA,NA,NA,NA,NA,12524,E2,NA
MIX,1,PE,NA,"PE(40:8),PE(39:1),PE(O-40:1),PE(P-40:0)",NA,NA,NA,NA,NA,NA,12524,E2,NA
MIX,1,PE,NA,"PE(40:9),PE(39:2),PE(O-40:2),PE(P-40:1)",NA,NA,NA,NA,NA,NA,12524,E2,NA
MIX,1,PE,NA,"PE(42:9),PE(41:2),PE(O-42:2),PE(P-42:1)",NA,NA,NA,NA,NA,NA,12524,E2,NA
MIX,1,PE,NA,"PE(O-38:8),PE(36:1),PE(O-37:1),PE(P-37:0)",NA,NA,NA,NA,NA,NA,12524,E2,NA
MIX,1,PE,NA,"PE(O-38:9),PE(36:2),PE(O-37:2),PE(P-37:1)",NA,NA,NA,NA,NA,NA,12524,E2,NA
MIX,1,PE,NA,"PE(O-40:9),PE(38:2),PE(P-39:1)",NA,NA,NA,NA,NA,NA,12524,E2,NA
MIX,2,PS,NA,PS(38:4),NA,NA,NA,NA,NA,NA,12524,E2,NA
MIX,2,SM,NA,SM(d16:0/20:0),NA,NA,NA,NA,NA,NA,12524,E2,NA
MIX,2,SM,NA,SM(d16:0/22:0),NA,NA,NA,NA,NA,NA,12524,E2,NA
MIX,2,SM,NA,SM(d16:1/17:0),NA,NA,NA,NA,NA,NA,12524,E2,NA
MIX,2,SM,NA,SM(d16:1/18:0),NA,NA,NA,NA,NA,NA,12524,E2,NA
MIX,2,SM,NA,SM(d16:1/20:0),NA,NA,NA,NA,NA,NA,12524,E2,NA
MIX,2,SM,NA,SM(d16:1/20:1),NA,NA,NA,NA,NA,NA,12524,E2,NA
MIX,2,SM,NA,SM(d16:1/23:0),NA,NA,NA,NA,NA,NA,12524,E2,NA
MIX,2,SM,NA,SM(d16:1/24:0),NA,NA,NA,NA,NA,NA,12524,E2,NA
MIX,2,SM,NA,SM(d16:1/24:1),NA,NA,NA,NA,NA,NA,12524,E2,NA
MIX,2,SM,NA,SM(d16:1/25:0),NA,NA,NA,NA,NA,NA,12524,E2,NA
MIX,2,SM,NA,SM(d17:1/24:1),NA,NA,NA,NA,NA,NA,12524,E2,NA
MIX,2,SM,NA,SM(d17:1/26:1),NA,NA,NA,NA,NA,NA,12524,E2,NA
MIX,2,SM,NA,SM(d18:0/15:0),NA,NA,NA,NA,NA,NA,12524,E2,NA
MIX,2,SM,NA,SM(d18:0/24:0),NA,NA,NA,NA,NA,NA,12524,E2,NA
MIX,2,SM,NA,SM(d18:0/24:1),NA,NA,NA,NA,NA,NA,12524,E2,NA
MIX,2,SM,NA,SM(d18:1/17:0),NA,NA,NA,NA,NA,NA,12524,E2,NA
MIX,2,SM,NA,SM(d18:1/19:0),NA,NA,NA,NA,NA,NA,12524,E2,NA
MIX,2,SM,NA,SM(d18:1/24:1(15Z)),NA,NA,NA,NA,NA,NA,12524,E2,NA
MIX,2,SM,NA,SM(d18:1/25:0),NA,NA,NA,NA,NA,NA,12524,E2,NA
MIX,2,SM,NA,SM(d18:2/20:1),NA,NA,NA,NA,NA,NA,12524,E2,NA
MIX,2,SM,NA,SM(d18:2/21:0),NA,NA,NA,NA,NA,NA,12524,E2,NA
MIX,2,SM,NA,SM(d18:2/24:1),NA,NA,NA,NA,NA,NA,12524,E2,NA
MIX,3,CE,NA,CE(15:1),NA,NA,NA,NA,NA,NA,12524,E2,NA
MIX,3,DG,<0.1,DG(32:0)_C16:0,0.38377,2.3011,0.023,0.072,-3.532,<0.1,12524,E2,-7.50E-17
MIX,3,DG,<0.05,DG(32:1)_C16:0,0.45729,3.1832,0.002,0.036,-1.3808,<0.05,12524,E2,3.20E-17
MIX,3,DG,<0.05,DG(32:1)_C16:1,0.40465,2.8568,0.005,0.036,-2.2479,<0.05,12524,E2,5.17E-18
MIX,3,DG,<0.05,DG(32:2)_C16:1,0.39405,2.5915,0.011,0.046,-2.892,<0.05,12524,E2,-2.51E-17
MIX,3,DG,<0.05,"DG(33:1),DG(O-34:1)_C16:1",0.52901,2.6625,0.009,0.046,-2.725,<0.05,12524,E2,7.55E-17
MIX,3,DG,<0.05,DG(33:2)_C16:1,0.53372,2.5792,0.011,0.046,-2.9206,<0.05,12524,E2,2.38E-16
MIX,3,DG,<0.05,DG(34:1)_C16:0,0.43327,3.0094,0.003,0.036,-1.8527,<0.05,12524,E2,-4.55E-17
MIX,3,DG,<0.05,DG(34:1)_C18:1,0.4041,2.9139,0.004,0.036,-2.1022,<0.05,12524,E2,1.03E-17
MIX,3,DG,<0.05,DG(34:2)_C16:0,0.43777,2.8571,0.005,0.036,-2.2473,<0.05,12524,E2,2.11E-17
MIX,3,DG,<0.1,DG(34:2)_C16:1,0.47859,2.3651,0.019,0.067,-3.3969,<0.1,12524,E2,-1.28E-17
MIX,3,DG,<0.05,DG(34:2)_C18:2,0.46123,2.8328,0.005,0.036,-2.3085,<0.05,12524,E2,3.46E-17
MIX,3,DG,<0.05,DG(34:3)_C16:1,0.41063,2.5726,0.011,0.046,-2.9357,<0.05,12524,E2,3.04E-18
MIX,3,DG,<0.1,DG(36:3)_C18:1,0.38706,2.1615,0.032,0.095,-3.8149,<0.1,12524,E2,7.85E-18
MIX,3,DG,<0.1,"DG(O-38:9),DG(36:2)_C18:1",0.38304,2.4027,0.018,0.066,-3.316,<0.1,12524,E2,-7.17E-17
MIX,3,TG,<0.1,[TG(46:1)]_FA14:0,0.30559,1.9113,0.058,0.086,-3.9305,<0.1,12524,E2,-7.75E-17
MIX,3,TG,<0.1,[TG(46:1)]_FA16:1,0.33101,2.0292,0.044,0.086,-3.7595,<0.1,12524,E2,7.65E-19
MIX,3,TG,<0.1,[TG(48:2)]_FA14:0,0.31938,2.0941,0.038,0.086,-3.6613,<0.1,12524,E2,5.39E-17
MIX,3,TG,<0.1,[TG(48:2)]_FA16:0,0.27022,1.6778,0.095,0.100,-4.2406,<0.1,12524,E2,-2.96E-17
MIX,3,TG,<0.1,[TG(48:2)]_FA16:1,0.27848,1.7256,0.086,0.099,-4.1802,<0.1,12524,E2,2.49E-17
MIX,3,TG,<0.1,"[TG(48:8),TG(47:1)]_FA16:1",0.32181,2.007,0.047,0.086,-3.7924,<0.1,12524,E2,4.30E-17
MIX,3,TG,<0.1,"[TG(49:8),TG(48:1)]_FA16:0",0.29708,1.8274,0.070,0.086,-4.0463,<0.1,12524,E2,-3.51E-17
MIX,3,TG,<0.1,[TG(50:3)]_FA16:0,0.29805,1.8189,0.071,0.086,-4.0579,<0.1,12524,E2,-2.13E-17
MIX,3,TG,<0.1,[TG(50:3)]_FA16:1,0.29624,1.8852,0.061,0.086,-3.9671,<0.1,12524,E2,1.91E-17
MIX,3,TG,<0.1,"[TG(50:8),TG(49:1)]_FA16:0",0.29862,1.9808,0.049,0.086,-3.8309,<0.1,12524,E2,-6.38E-18
MIX,3,TG,<0.1,"[TG(50:9),TG(49:2)]_FA16:1",0.29172,1.9096,0.058,0.086,-3.933,<0.1,12524,E2,3.12E-17
MIX,3,TG,<0.1,"[TG(51:8),TG(50:1)]_FA16:0",0.32113,2.0163,0.046,0.086,-3.7788,<0.1,12524,E2,9.18E-19
MIX,3,TG,<0.1,"[TG(51:8),TG(50:1)]_FA18:1",0.3211,2.0319,0.044,0.086,-3.7555,<0.1,12524,E2,4.09E-17
MIX,3,TG,<0.1,"[TG(51:9),TG(50:2)]_FA16:0",0.28648,1.8143,0.072,0.086,-4.064,<0.1,12524,E2,-8.50E-18
MIX,3,TG,<0.1,"[TG(51:9),TG(50:2)]_FA16:1",0.30509,1.945,0.054,0.086,-3.8826,<0.1,12524,E2,5.29E-17
MIX,3,TG,<0.1,"[TG(51:9),TG(50:2)]_FA18:1",0.30276,1.9501,0.053,0.086,-3.8753,<0.1,12524,E2,-2.73E-18
MIX,3,TG,<0.1,"[TG(51:9),TG(50:2)]_FA18:2",0.27769,1.6786,0.095,0.100,-4.2396,<0.1,12524,E2,3.81E-17
MIX,3,TG,<0.1,[TG(52:4)]_FA18:2,0.31533,1.962,0.052,0.086,-3.8582,<0.1,12524,E2,-2.35E-18
MIX,3,TG,<0.1,[TG(52:5)]_FA20:4,0.42389,2.5275,0.013,0.086,-2.9328,<0.1,12524,E2,3.55E-17
MIX,3,TG,<0.1,"[TG(53:10),TG(52:3)]_FA18:1",0.31385,2.0459,0.042,0.086,-3.7345,<0.1,12524,E2,4.14E-17
MIX,3,TG,<0.1,"[TG(53:9),TG(52:2)]_FA18:1",0.32699,2.1164,0.036,0.086,-3.6269,<0.1,12524,E2,1.41E-17
MIX,3,TG,<0.1,[TG(54:5)]_FA18:1,0.34007,2.1177,0.036,0.086,-3.6249,<0.1,12524,E2,5.03E-17
MIX,3,TG,<0.1,"[TG(56:7),TG(55:0)]_FA22:6",0.50135,2.307,0.022,0.086,-3.3191,<0.1,12524,E2,-1.46E-16
PFHxA,1,LPC,NA,"LPC(16:1),LPC(P-17:0)",NA,NA,NA,NA,NA,NA,NA,EB,NA
PFHxA,1,LPC,NA,"LPC(17:1),LPC(O-18:1),LPC(P-18:0)",NA,NA,NA,NA,NA,NA,NA,EB,NA
PFHxA,1,LPC,NA,LPC(19:3),NA,NA,NA,NA,NA,NA,NA,EB,NA
PFHxA,1,LPC,NA,"LPC(20:2),PC(O-20:2)",NA,NA,NA,NA,NA,NA,NA,EB,NA
PFHxA,1,LPC,NA,LPC(20:3),NA,NA,NA,NA,NA,NA,NA,EB,NA
PFHxA,1,LPC,NA,LPC(22:4),NA,NA,NA,NA,NA,NA,NA,EB,NA
PFHxA,1,LPC,NA,LPC(22:5),NA,NA,NA,NA,NA,NA,NA,EB,NA
PFHxA,1,LPC,NA,LPC(24:1),NA,NA,NA,NA,NA,NA,NA,EB,NA
PFHxA,1,LPE,NA,LPE(20:1),NA,NA,NA,NA,NA,NA,NA,EB,NA
PFHxA,1,LPE,NA,LPE(20:3),NA,NA,NA,NA,NA,NA,NA,EB,NA
PFHxA,1,LPE,NA,LPE(20:4),NA,NA,NA,NA,NA,NA,NA,EB,NA
PFHxA,1,LPE,NA,LPE(20:5),NA,NA,NA,NA,NA,NA,NA,EB,NA
PFHxA,1,LPE,NA,LPE(22:4),NA,NA,NA,NA,NA,NA,NA,EB,NA
PFHxA,1,LPE,NA,LPE(22:5),NA,NA,NA,NA,NA,NA,NA,EB,NA
PFHxA,1,LPE,NA,LPE(22:6),NA,NA,NA,NA,NA,NA,NA,EB,NA
PFHxA,1,PC,<0.1,"PC(30:2),PC(P-31:1)",0.72175,2.602,0.010,0.094,-2.7398,<0.1,12524,E3,6.46E-16
PFHxA,1,PC,NA,"PC(31:0),PC(O-32:0)",NA,NA,NA,NA,NA,NA,12524,E3,NA
PFHxA,1,PC,<0.1,"PC(32:0),PC(O-33:0)",0.62704,2.3539,0.020,0.094,-3.2636,<0.1,12524,E3,-1.37E-16
PFHxA,1,PC,<0.1,"PC(32:1),PC(O-33:1),PC(P-33:0)",0.49705,2.5473,0.012,0.094,-2.8593,<0.1,12524,E3,-3.63E-17
PFHxA,1,PC,<0.1,"PC(32:2),PC(O-33:2),PC(P-33:1)",0.40942,2.5608,0.011,0.094,-2.8301,<0.1,12524,E3,2.91E-17
PFHxA,1,PC,<0.1,"PC(33:0),PC(O-34:0)",0.71182,2.6181,0.010,0.094,-2.7042,<0.1,12524,E3,-8.67E-17
PFHxA,1,PC,<0.1,"PC(33:0),PC(O-34:0)",0.71182,2.6181,0.010,0.094,-2.7042,<0.1,12524,E3,-8.67E-17
PFHxA,1,PC,NA,"PC(33:1),PC(O-34:1),PC(P-34:0)",NA,NA,NA,NA,NA,NA,12524,E3,NA
PFHxA,1,PC,NA,"PC(33:2),PC(O-34:2),PC(P-34:1)",NA,NA,NA,NA,NA,NA,12524,E3,NA
PFHxA,1,PC,NA,"PC(34:0),PC(O-35:0)",NA,NA,NA,NA,NA,NA,12524,E3,NA
PFHxA,1,PC,<0.1,"PC(34:1),PC(O-35:1),PC(P-35:0)",0.69487,2.4567,0.015,0.094,-3.0524,<0.1,12524,E3,4.34E-16
PFHxA,1,PC,<0.1,"PC(34:2),PC(O-35:2),PC(P-35:1)",0.5711,2.5068,0.013,0.094,-2.9465,<0.1,12524,E3,4.83E-17
PFHxA,1,PC,NA,"PC(34:3),PC(P-35:2)",NA,NA,NA,NA,NA,NA,12524,E3,NA
PFHxA,1,PC,<0.1,"PC(35:2),PC(O-36:2),PC(P-36:1)",0.60309,2.316,0.022,0.094,-3.3393,<0.1,12524,E3,1.98E-16
PFHxA,1,PC,<0.1,"PC(35:3),PC(O-36:3),PC(P-36:2)",0.56901,2.3035,0.023,0.094,-3.364,<0.1,12524,E3,-1.43E-16
PFHxA,1,PC,NA,"PC(35:4),PC(O-36:4),PC(P-36:3)",NA,NA,NA,NA,NA,NA,12524,E3,NA
PFHxA,1,PC,<0.1,"PC(36:3),PC(P-37:2)",0.45113,2.3108,0.022,0.094,-3.3497,<0.1,12524,E3,1.68E-16
PFHxA,1,PC,<0.1,"PC(36:4),PC(O-37:4)",0.54915,2.2768,0.024,0.097,-3.4166,<0.1,12524,E3,-1.41E-16
PFHxA,1,PC,<0.1,PC(36:5),0.50138,2.4629,0.015,0.094,-3.0394,<0.1,12524,E3,-4.41E-17
PFHxA,1,PC,NA,"PC(36:8),PC(35:1),PC(O-36:1),PC(P-36:0)",NA,NA,NA,NA,NA,NA,12524,E3,NA
PFHxA,1,PC,NA,"PC(37:4),PC(O-38:4),PC(P-38:3)",NA,NA,NA,NA,NA,NA,12524,E3,NA
PFHxA,1,PC,<0.1,"PC(37:6),PC(O-38:6),PC(P-38:5)",0.71248,2.4941,0.014,0.094,-2.9734,<0.1,12524,E3,-3.64E-16
PFHxA,1,PC,NA,"PC(37:7),PC(P-38:6),PC(36:0),PC(O-37:0)",NA,NA,NA,NA,NA,NA,12524,E3,NA
PFHxA,1,PC,<0.1,PC(38:3),0.64646,2.3797,0.019,0.094,-3.2114,<0.1,12524,E3,-7.17E-17
PFHxA,1,PC,<0.1,PC(38:4),0.65963,2.4011,0.018,0.094,-3.1676,<0.1,12524,E3,-2.02E-16
PFHxA,1,PC,<0.1,PC(38:5),0.67271,2.8711,0.005,0.094,-2.119,<0.1,12524,E3,-6.42E-17
PFHxA,1,PC,<0.1,PC(38:6),0.64543,2.7251,0.007,0.094,-2.4627,<0.1,12524,E3,-1.86E-16
PFHxA,1,PC,<0.1,"PC(38:7),PC(37:0),PC(O-38:0)",0.50166,2.5655,0.011,0.094,-2.8199,<0.1,12524,E3,-9.76E-17
PFHxA,1,PC,<0.1,"PC(38:8),PC(37:1),PC(O-38:1),PC(P-38:0)",0.6645,2.347,0.020,0.094,-3.2774,<0.1,12524,E3,-3.06E-16
PFHxA,1,PC,NA,"PC(38:9),PC(37:2),PC(O-38:2),PC(P-38:1)",NA,NA,NA,NA,NA,NA,12524,E3,NA
PFHxA,1,PC,NA,"PC(39:6),PC(O-40:6),PC(P-40:5)",NA,NA,NA,NA,NA,NA,12524,E3,NA
PFHxA,1,PC,<0.1,"PC(39:7),PC(P-40:6),PC(38:0),PC(O-39:0)",0.77131,2.6422,0.009,0.094,-2.6507,<0.1,12524,E3,-2.36E-16
PFHxA,1,PC,<0.1,PC(40:5),0.69714,2.3969,0.018,0.094,-3.1763,<0.1,12524,E3,-1.80E-16
PFHxA,1,PC,<0.1,PC(40:6),0.78862,3.2087,0.002,0.094,-1.2651,<0.1,12524,E3,-1.07E-16
PFHxA,1,PC,<0.1,"PC(40:7),PC(39:0),PC(O-40:0)",0.5689,2.4606,0.015,0.094,-3.0442,<0.1,12524,E3,5.97E-18
PFHxA,1,PC,NA,"PC(40:8),PC(39:1),PC(O-40:1),PC(P-40:0)",NA,NA,NA,NA,NA,NA,12524,E3,NA
PFHxA,1,PC,<0.1,PC(42:3),0.66652,2.35,0.020,0.094,-3.2715,<0.1,12524,E3,1.74E-16
PFHxA,1,PC,NA,PC(42:5),NA,NA,NA,NA,NA,NA,12524,E3,NA
PFHxA,1,PC,<0.1,"PC(42:7),PC(41:0),PC(O-42:0)",0.78705,2.837,0.005,0.094,-2.2007,<0.1,12524,E3,1.11E-17
PFHxA,1,PC,<0.1,"PC(42:8),PC(41:1),PC(O-42:1),PC(P-42:0)",0.70492,2.3762,0.019,0.094,-3.2184,<0.1,12524,E3,-1.23E-16
PFHxA,1,PC,<0.1,"PC(O-38:8),PC(36:1),PC(O-37:1),PC(P-37:0)",0.66707,2.2601,0.025,0.098,-3.4491,<0.1,12524,E3,-2.72E-16
PFHxA,1,PC,<0.1,"PC(O-38:9),PC(36:2),PC(O-37:2),PC(P-37:1)",0.66058,2.7834,0.006,0.094,-2.3274,<0.1,12524,E3,-7.88E-17
PFHxA,1,PE,NA,"PE(20:0),LPE(21:0)",NA,NA,NA,NA,NA,NA,12524,E2,NA
PFHxA,1,PE,NA,"PE(31:0),PE(O-32:0)",NA,NA,NA,NA,NA,NA,12524,E2,NA
PFHxA,1,PE,NA,"PE(34:2),PE(O-35:2),PE(P-35:1)",NA,NA,NA,NA,NA,NA,12524,E2,NA
PFHxA,1,PE,NA,"PE(35:3),PE(O-36:3),PE(P-36:2)",NA,NA,NA,NA,NA,NA,12524,E2,NA
PFHxA,1,PE,NA,"PE(36:3),PE(P-37:2)",NA,NA,NA,NA,NA,NA,12524,E2,NA
PFHxA,1,PE,NA,"PE(36:4),PE(O-37:4)",NA,NA,NA,NA,NA,NA,12524,E2,NA
PFHxA,1,PE,NA,PE(36:5),NA,NA,NA,NA,NA,NA,12524,E2,NA
PFHxA,1,PE,NA,PE(36:6),NA,NA,NA,NA,NA,NA,12524,E2,NA
PFHxA,1,PE,NA,"PE(37:4),PE(O-38:4),PE(P-38:3)",NA,NA,NA,NA,NA,NA,12524,E2,NA
PFHxA,1,PE,NA,"PE(37:5),PE(O-38:5),PE(P-38:4)",NA,NA,NA,NA,NA,NA,12524,E2,NA
PFHxA,1,PE,NA,"PE(37:6),PE(O-38:6),PE(P-38:5)",NA,NA,NA,NA,NA,NA,12524,E2,NA
PFHxA,1,PE,NA,PE(38:3),NA,NA,NA,NA,NA,NA,12524,E2,NA
PFHxA,1,PE,NA,PE(38:4),NA,NA,NA,NA,NA,NA,12524,E2,NA
PFHxA,1,PE,NA,PE(38:5),NA,NA,NA,NA,NA,NA,12524,E2,NA
PFHxA,1,PE,NA,PE(38:6),NA,NA,NA,NA,NA,NA,12524,E2,NA
PFHxA,1,PE,NA,"PE(38:7),PE(37:0),PE(O-38:0)",NA,NA,NA,NA,NA,NA,12524,E2,NA
PFHxA,1,PE,NA,"PE(38:9),PE(dO-40:9),PE(37:2),PE(O-38:2),PE(P-38:1)",NA,NA,NA,NA,NA,NA,12524,E2,NA
PFHxA,1,PE,NA,"PE(39:4),PE(O-40:4),PE(P-40:3)",NA,NA,NA,NA,NA,NA,12524,E2,NA
PFHxA,1,PE,NA,"PE(39:5),PE(O-40:5),PE(P-40:4)",NA,NA,NA,NA,NA,NA,12524,E2,NA
PFHxA,1,PE,NA,"PE(39:6),PE(O-40:6),PE(P-40:5)",NA,NA,NA,NA,NA,NA,12524,E2,NA
PFHxA,1,PE,NA,"PE(39:7),PE(P-40:6),PE(38:0),PE(O-39:0)",NA,NA,NA,NA,NA,NA,12524,E2,NA
PFHxA,1,PE,NA,"PE(40:10),PE(39:3),PE(O-40:3),PE(P-40:2)",NA,NA,NA,NA,NA,NA,12524,E2,NA
PFHxA,1,PE,NA,PE(40:4),NA,NA,NA,NA,NA,NA,12524,E2,NA
PFHxA,1,PE,NA,PE(40:5),NA,NA,NA,NA,NA,NA,12524,E2,NA
PFHxA,1,PE,NA,"PE(40:6),PE(dO-40:0)",NA,NA,NA,NA,NA,NA,12524,E2,NA
PFHxA,1,PE,NA,"PE(40:7),PE(39:0),PE(O-40:0)",NA,NA,NA,NA,NA,NA,12524,E2,NA
PFHxA,1,PE,NA,"PE(40:8),PE(39:1),PE(O-40:1),PE(P-40:0)",NA,NA,NA,NA,NA,NA,12524,E2,NA
PFHxA,1,PE,NA,"PE(40:9),PE(39:2),PE(O-40:2),PE(P-40:1)",NA,NA,NA,NA,NA,NA,12524,E2,NA
PFHxA,1,PE,NA,"PE(42:9),PE(41:2),PE(O-42:2),PE(P-42:1)",NA,NA,NA,NA,NA,NA,12524,E2,NA
PFHxA,1,PE,NA,"PE(O-38:8),PE(36:1),PE(O-37:1),PE(P-37:0)",NA,NA,NA,NA,NA,NA,12524,E2,NA
PFHxA,1,PE,NA,"PE(O-38:9),PE(36:2),PE(O-37:2),PE(P-37:1)",NA,NA,NA,NA,NA,NA,12524,E2,NA
PFHxA,1,PE,NA,"PE(O-40:9),PE(38:2),PE(P-39:1)",NA,NA,NA,NA,NA,NA,12524,E2,NA
PFHxA,2,PS,NA,PS(38:4),NA,NA,NA,NA,NA,NA,12524,E2,NA
PFHxA,2,SM,NA,SM(d16:0/20:0),NA,NA,NA,NA,NA,NA,12524,E2,NA
PFHxA,2,SM,NA,SM(d16:0/22:0),NA,NA,NA,NA,NA,NA,12524,E2,NA
PFHxA,2,SM,NA,SM(d16:1/17:0),NA,NA,NA,NA,NA,NA,12524,E2,NA
PFHxA,2,SM,NA,SM(d16:1/18:0),NA,NA,NA,NA,NA,NA,12524,E2,NA
PFHxA,2,SM,NA,SM(d16:1/20:0),NA,NA,NA,NA,NA,NA,12524,E2,NA
PFHxA,2,SM,<0.05,SM(d16:1/20:1),0.84357,3.3187,0.001,0.047,-1.0065,<0.05,12524,E2,-3.31E-16
PFHxA,2,SM,NA,SM(d16:1/23:0),NA,NA,NA,NA,NA,NA,12524,E2,NA
PFHxA,2,SM,NA,SM(d16:1/24:0),NA,NA,NA,NA,NA,NA,12524,E2,NA
PFHxA,2,SM,NA,SM(d16:1/24:1),NA,NA,NA,NA,NA,NA,12524,E2,NA
PFHxA,2,SM,NA,SM(d16:1/25:0),NA,NA,NA,NA,NA,NA,12524,E2,NA
PFHxA,2,SM,NA,SM(d17:1/24:1),NA,NA,NA,NA,NA,NA,12524,E2,NA
PFHxA,2,SM,NA,SM(d17:1/26:1),NA,NA,NA,NA,NA,NA,12524,E2,NA
PFHxA,2,SM,NA,SM(d18:0/15:0),NA,NA,NA,NA,NA,NA,12524,E2,NA
PFHxA,2,SM,NA,SM(d18:0/24:0),NA,NA,NA,NA,NA,NA,12524,E2,NA
PFHxA,2,SM,NA,SM(d18:0/24:1),NA,NA,NA,NA,NA,NA,12524,E2,NA
PFHxA,2,SM,NA,SM(d18:1/17:0),NA,NA,NA,NA,NA,NA,12524,E2,NA
PFHxA,2,SM,NA,SM(d18:1/19:0),NA,NA,NA,NA,NA,NA,12524,E2,NA
PFHxA,2,SM,NA,SM(d18:1/24:1(15Z)),NA,NA,NA,NA,NA,NA,12524,E2,NA
PFHxA,2,SM,NA,SM(d18:1/25:0),NA,NA,NA,NA,NA,NA,12524,E2,NA
PFHxA,2,SM,NA,SM(d18:2/20:1),NA,NA,NA,NA,NA,NA,12524,E2,NA
PFHxA,2,SM,NA,SM(d18:2/21:0),NA,NA,NA,NA,NA,NA,12524,E2,NA
PFHxA,2,SM,NA,SM(d18:2/24:1),NA,NA,NA,NA,NA,NA,12524,E2,NA
PFHxA,3,CE,<0.1,CE(15:1),0.76826,2.6847,0.008,0.073,-2.5969,<0.1,12524,E2,-1.36E-16
PFHxA,3,DG,NA,DG(32:0)_C16:0,NA,NA,NA,NA,NA,NA,12524,E2,NA
PFHxA,3,DG,NA,DG(32:1)_C16:0,NA,NA,NA,NA,NA,NA,12524,E2,NA
PFHxA,3,DG,NA,DG(32:1)_C16:1,NA,NA,NA,NA,NA,NA,12524,E2,NA
PFHxA,3,DG,NA,DG(32:2)_C16:1,NA,NA,NA,NA,NA,NA,12524,E2,NA
PFHxA,3,DG,NA,"DG(33:1),DG(O-34:1)_C16:1",NA,NA,NA,NA,NA,NA,12524,E2,NA
PFHxA,3,DG,NA,DG(33:2)_C16:1,NA,NA,NA,NA,NA,NA,12524,E2,NA
PFHxA,3,DG,NA,DG(34:1)_C16:0,NA,NA,NA,NA,NA,NA,12524,E2,NA
PFHxA,3,DG,NA,DG(34:1)_C18:1,NA,NA,NA,NA,NA,NA,12524,E2,NA
PFHxA,3,DG,NA,DG(34:2)_C16:0,NA,NA,NA,NA,NA,NA,12524,E2,NA
PFHxA,3,DG,NA,DG(34:2)_C16:1,NA,NA,NA,NA,NA,NA,12524,E2,NA
PFHxA,3,DG,NA,DG(34:2)_C18:2,NA,NA,NA,NA,NA,NA,12524,E2,NA
PFHxA,3,DG,NA,DG(34:3)_C16:1,NA,NA,NA,NA,NA,NA,12524,E2,NA
PFHxA,3,DG,NA,DG(36:3)_C18:1,NA,NA,NA,NA,NA,NA,12524,E2,NA
PFHxA,3,DG,NA,"DG(O-38:9),DG(36:2)_C18:1",NA,NA,NA,NA,NA,NA,12524,E2,NA
PFHxA,3,TG,NA,[TG(46:1)]_FA14:0,NA,NA,NA,NA,NA,NA,12524,E2,NA
PFHxA,3,TG,NA,[TG(46:1)]_FA16:1,NA,NA,NA,NA,NA,NA,12524,E2,NA
PFHxA,3,TG,NA,[TG(48:2)]_FA14:0,NA,NA,NA,NA,NA,NA,12524,E2,NA
PFHxA,3,TG,NA,[TG(48:2)]_FA16:0,NA,NA,NA,NA,NA,NA,12524,E2,NA
PFHxA,3,TG,NA,[TG(48:2)]_FA16:1,NA,NA,NA,NA,NA,NA,12524,E2,NA
PFHxA,3,TG,NA,"[TG(48:8),TG(47:1)]_FA16:1",NA,NA,NA,NA,NA,NA,12524,E2,NA
PFHxA,3,TG,NA,"[TG(49:8),TG(48:1)]_FA16:0",NA,NA,NA,NA,NA,NA,12524,E2,NA
PFHxA,3,TG,NA,[TG(50:3)]_FA16:0,NA,NA,NA,NA,NA,NA,12524,E2,NA
PFHxA,3,TG,NA,[TG(50:3)]_FA16:1,NA,NA,NA,NA,NA,NA,12524,E2,NA
PFHxA,3,TG,NA,"[TG(50:8),TG(49:1)]_FA16:0",NA,NA,NA,NA,NA,NA,12524,E2,NA
PFHxA,3,TG,NA,"[TG(50:9),TG(49:2)]_FA16:1",NA,NA,NA,NA,NA,NA,12524,E2,NA
PFHxA,3,TG,NA,"[TG(51:8),TG(50:1)]_FA16:0",NA,NA,NA,NA,NA,NA,12524,E2,NA
PFHxA,3,TG,NA,"[TG(51:8),TG(50:1)]_FA18:1",NA,NA,NA,NA,NA,NA,12524,E2,NA
PFHxA,3,TG,NA,"[TG(51:9),TG(50:2)]_FA16:0",NA,NA,NA,NA,NA,NA,12524,E2,NA
PFHxA,3,TG,NA,"[TG(51:9),TG(50:2)]_FA16:1",NA,NA,NA,NA,NA,NA,12524,E2,NA
PFHxA,3,TG,NA,"[TG(51:9),TG(50:2)]_FA18:1",NA,NA,NA,NA,NA,NA,12524,E2,NA
PFHxA,3,TG,NA,"[TG(51:9),TG(50:2)]_FA18:2",NA,NA,NA,NA,NA,NA,12524,E2,NA
PFHxA,3,TG,NA,[TG(52:4)]_FA18:2,NA,NA,NA,NA,NA,NA,12524,E2,NA
PFHxA,3,TG,NA,[TG(52:5)]_FA20:4,NA,NA,NA,NA,NA,NA,12524,E2,NA
PFHxA,3,TG,NA,"[TG(53:10),TG(52:3)]_FA18:1",NA,NA,NA,NA,NA,NA,12524,E2,NA
PFHxA,3,TG,NA,"[TG(53:9),TG(52:2)]_FA18:1",NA,NA,NA,NA,NA,NA,12524,E2,NA
PFHxA,3,TG,NA,[TG(54:5)]_FA18:1,NA,NA,NA,NA,NA,NA,12524,E2,NA
PFHxA,3,TG,NA,"[TG(56:7),TG(55:0)]_FA22:6",NA,NA,NA,NA,NA,NA,12524,E2,NA
PFHxS,1,LPC,NA,"LPC(16:1),LPC(P-17:0)",NA,NA,NA,NA,NA,NA,NA,EB,NA
PFHxS,1,LPC,NA,"LPC(17:1),LPC(O-18:1),LPC(P-18:0)",NA,NA,NA,NA,NA,NA,NA,EB,NA
PFHxS,1,LPC,NA,LPC(19:3),NA,NA,NA,NA,NA,NA,NA,EB,NA
PFHxS,1,LPC,NA,"LPC(20:2),PC(O-20:2)",NA,NA,NA,NA,NA,NA,NA,EB,NA
PFHxS,1,LPC,NA,LPC(20:3),NA,NA,NA,NA,NA,NA,NA,EB,NA
PFHxS,1,LPC,NA,LPC(22:4),NA,NA,NA,NA,NA,NA,NA,EB,NA
PFHxS,1,LPC,NA,LPC(22:5),NA,NA,NA,NA,NA,NA,NA,EB,NA
PFHxS,1,LPC,NA,LPC(24:1),NA,NA,NA,NA,NA,NA,NA,EB,NA
PFHxS,1,LPE,NA,LPE(20:1),NA,NA,NA,NA,NA,NA,NA,EB,NA
PFHxS,1,LPE,NA,LPE(20:3),NA,NA,NA,NA,NA,NA,NA,EB,NA
PFHxS,1,LPE,NA,LPE(20:4),NA,NA,NA,NA,NA,NA,NA,EB,NA
PFHxS,1,LPE,NA,LPE(20:5),NA,NA,NA,NA,NA,NA,NA,EB,NA
PFHxS,1,LPE,NA,LPE(22:4),NA,NA,NA,NA,NA,NA,NA,EB,NA
PFHxS,1,LPE,NA,LPE(22:5),NA,NA,NA,NA,NA,NA,NA,EB,NA
PFHxS,1,LPE,NA,LPE(22:6),NA,NA,NA,NA,NA,NA,NA,EB,NA
PFHxS,1,PC,<0.05,"PC(30:2),PC(P-31:1)",0.85104,3.0752,0.003,0.049,-1.618,<0.05,12524,E3,6.46E-16
PFHxS,1,PC,<0.1,"PC(31:0),PC(O-32:0)",0.61352,2.4669,0.015,0.063,-3.0758,<0.1,12524,E3,4.89E-18
PFHxS,1,PC,<0.05,"PC(32:0),PC(O-33:0)",0.79536,2.9926,0.003,0.049,-1.8324,<0.05,12524,E3,-1.37E-16
PFHxS,1,PC,<0.05,"PC(32:1),PC(O-33:1),PC(P-33:0)",0.64253,3.3005,0.001,0.049,-1.0077,<0.05,12524,E3,-3.63E-17
PFHxS,1,PC,<0.1,"PC(32:2),PC(O-33:2),PC(P-33:1)",0.40638,2.5476,0.012,0.053,-2.8988,<0.1,12524,E3,2.91E-17
PFHxS,1,PC,<0.05,"PC(33:0),PC(O-34:0)",0.76002,2.8019,0.006,0.049,-2.3081,<0.05,12524,E3,-8.67E-17
PFHxS,1,PC,<0.05,"PC(33:0),PC(O-34:0)",0.76002,2.8019,0.006,0.049,-2.3081,<0.05,12524,E3,-8.67E-17
PFHxS,1,PC,<0.05,"PC(33:1),PC(O-34:1),PC(P-34:0)",0.81639,2.7396,0.007,0.050,-2.4573,<0.05,12524,E3,2.91E-16
PFHxS,1,PC,<0.05,"PC(33:2),PC(O-34:2),PC(P-34:1)",0.80062,2.8089,0.006,0.049,-2.2912,<0.05,12524,E3,-1.10E-17
PFHxS,1,PC,<0.05,"PC(34:0),PC(O-35:0)",0.84242,2.9122,0.004,0.049,-2.0363,<0.05,12524,E3,2.61E-16
PFHxS,1,PC,<0.05,"PC(34:1),PC(O-35:1),PC(P-35:0)",0.81525,2.8889,0.004,0.049,-2.0945,<0.05,12524,E3,4.34E-16
PFHxS,1,PC,<0.05,"PC(34:2),PC(O-35:2),PC(P-35:1)",0.64247,2.8265,0.005,0.049,-2.2481,<0.05,12524,E3,4.83E-17
PFHxS,1,PC,<0.1,"PC(34:3),PC(P-35:2)",0.44887,2.3265,0.021,0.072,-3.3712,<0.1,12524,E3,1.54E-16
PFHxS,1,PC,<0.05,"PC(35:2),PC(O-36:2),PC(P-36:1)",0.68456,2.635,0.009,0.050,-2.7016,<0.05,12524,E3,1.98E-16
PFHxS,1,PC,<0.05,"PC(35:3),PC(O-36:3),PC(P-36:2)",0.76875,3.1193,0.002,0.049,-1.5013,<0.05,12524,E3,-1.43E-16
PFHxS,1,PC,<0.1,"PC(35:4),PC(O-36:4),PC(P-36:3)",0.52748,2.1378,0.034,0.098,-3.7431,<0.1,12524,E3,-4.91E-17
PFHxS,1,PC,<0.05,"PC(36:3),PC(P-37:2)",0.51785,2.6586,0.009,0.050,-2.6471,<0.05,12524,E3,1.68E-16
PFHxS,1,PC,<0.1,"PC(36:4),PC(O-37:4)",0.5916,2.4584,0.015,0.063,-3.0941,<0.1,12524,E3,-1.41E-16
PFHxS,1,PC,<0.1,PC(36:5),0.5225,2.5725,0.011,0.053,-2.8432,<0.1,12524,E3,-4.41E-17
PFHxS,1,PC,<0.1,"PC(36:8),PC(35:1),PC(O-36:1),PC(P-36:0)",0.69913,2.3532,0.020,0.070,-3.3163,<0.1,12524,E3,-1.37E-16
PFHxS,1,PC,<0.1,"PC(37:4),PC(O-38:4),PC(P-38:3)",0.69259,2.3052,0.023,0.072,-3.4147,<0.1,12524,E3,2.42E-16
PFHxS,1,PC,<0.05,"PC(37:6),PC(O-38:6),PC(P-38:5)",0.81941,2.8751,0.005,0.049,-2.1288,<0.05,12524,E3,-3.64E-16
PFHxS,1,PC,<0.1,"PC(37:7),PC(P-38:6),PC(36:0),PC(O-37:0)",0.69125,2.3159,0.022,0.072,-3.3928,<0.1,12524,E3,-2.38E-16
PFHxS,1,PC,<0.05,PC(38:3),0.73275,2.7035,0.008,0.050,-2.5425,<0.05,12524,E3,-7.17E-17
PFHxS,1,PC,<0.1,PC(38:4),0.65694,2.3968,0.018,0.069,-3.2252,<0.1,12524,E3,-2.02E-16
PFHxS,1,PC,<0.05,PC(38:5),0.65036,2.7821,0.006,0.049,-2.3558,<0.05,12524,E3,-6.42E-17
PFHxS,1,PC,<0.05,PC(38:6),0.63575,2.6903,0.008,0.050,-2.5734,<0.05,12524,E3,-1.86E-16
PFHxS,1,PC,<0.05,"PC(38:7),PC(37:0),PC(O-38:0)",0.52903,2.7117,0.008,0.050,-2.5234,<0.05,12524,E3,-9.76E-17
PFHxS,1,PC,<0.1,"PC(38:8),PC(37:1),PC(O-38:1),PC(P-38:0)",0.67879,2.403,0.018,0.069,-3.2122,<0.1,12524,E3,-3.06E-16
PFHxS,1,PC,<0.1,"PC(38:9),PC(37:2),PC(O-38:2),PC(P-38:1)",0.66295,2.5726,0.011,0.053,-2.843,<0.1,12524,E3,4.98E-17
PFHxS,1,PC,<0.1,"PC(39:6),PC(O-40:6),PC(P-40:5)",0.678,2.7593,0.007,0.094,-2.3834,<0.1,12524,E3,4.75E-17
PFHxS,1,PC,<0.1,"PC(39:7),PC(P-40:6),PC(38:0),PC(O-39:0)",0.68557,2.3539,0.020,0.070,-3.3149,<0.1,12524,E3,-2.36E-16
PFHxS,1,PC,<0.1,PC(40:5),0.66465,2.2904,0.023,0.073,-3.4445,<0.1,12524,E3,-1.80E-16
PFHxS,1,PC,<0.05,PC(40:6),0.7352,2.9982,0.003,0.049,-1.818,<0.05,12524,E3,-1.07E-16
PFHxS,1,PC,<0.1,"PC(40:7),PC(39:0),PC(O-40:0)",0.58819,2.5499,0.012,0.053,-2.8938,<0.1,12524,E3,5.97E-18
PFHxS,1,PC,<0.1,"PC(40:8),PC(39:1),PC(O-40:1),PC(P-40:0)",0.64543,2.2112,0.029,0.084,-3.6019,<0.1,12524,E3,-2.10E-16
PFHxS,1,PC,NA,PC(42:3),NA,NA,NA,NA,NA,NA,12524,E3,NA
PFHxS,1,PC,<0.05,PC(42:5),0.85613,2.8786,0.005,0.049,-2.12,<0.05,12524,E3,3.52E-16
PFHxS,1,PC,NA,"PC(42:7),PC(41:0),PC(O-42:0)",NA,NA,NA,NA,NA,NA,12524,E3,NA
PFHxS,1,PC,<0.1,"PC(42:8),PC(41:1),PC(O-42:1),PC(P-42:0)",0.7026,2.3739,0.019,0.070,-3.2733,<0.1,12524,E3,-1.23E-16
PFHxS,1,PC,<0.1,"PC(O-38:8),PC(36:1),PC(O-37:1),PC(P-37:0)",0.65238,2.2154,0.028,0.084,-3.5937,<0.1,12524,E3,-2.72E-16
PFHxS,1,PC,<0.05,"PC(O-38:9),PC(36:2),PC(O-37:2),PC(P-37:1)",0.69597,2.9392,0.004,0.049,-1.9683,<0.05,12524,E3,-7.88E-17
PFHxS,1,PE,NA,"PE(20:0),LPE(21:0)",NA,NA,NA,NA,NA,NA,12524,E2,NA
PFHxS,1,PE,<0.1,"PE(31:0),PE(O-32:0)",0.5885,2.0336,0.044,0.076,-4.3839,<0.1,12524,E2,-4.78E-16
PFHxS,1,PE,<0.05,"PE(34:2),PE(O-35:2),PE(P-35:1)",0.41859,2.6128,0.010,0.029,-3.1208,<0.05,12524,E2,8.74E-17
PFHxS,1,PE,<0.1,"PE(35:3),PE(O-36:3),PE(P-36:2)",0.55193,2.1149,0.036,0.067,-4.2242,<0.1,12524,E2,-3.03E-16
PFHxS,1,PE,<0.05,"PE(36:3),PE(P-37:2)",0.4826,2.7784,0.006,0.024,-2.7074,<0.05,12524,E2,-1.10E-16
PFHxS,1,PE,<0.05,"PE(36:4),PE(O-37:4)",0.61402,2.9342,0.004,0.018,-2.2979,<0.05,12524,E2,8.74E-17
PFHxS,1,PE,<0.05,PE(36:5),0.39276,2.5493,0.012,0.030,-3.2734,<0.05,12524,E2,-7.07E-17
PFHxS,1,PE,<0.05,PE(36:6),0.58944,2.6812,0.008,0.029,-2.9527,<0.05,12524,E2,-3.17E-16
PFHxS,1,PE,<0.05,"PE(37:4),PE(O-38:4),PE(P-38:3)",0.81953,3.4708,0.001,0.008,-0.74173,<0.05,12524,E2,2.19E-16
PFHxS,1,PE,<0.05,"PE(37:5),PE(O-38:5),PE(P-38:4)",0.88263,3.3314,0.001,0.008,-1.1673,<0.05,12524,E2,2.04E-16
PFHxS,1,PE,<0.05,"PE(37:6),PE(O-38:6),PE(P-38:5)",0.81382,3.3821,0.001,0.008,-1.0141,<0.05,12524,E2,2.80E-16
PFHxS,1,PE,<0.05,PE(38:3),0.72325,2.5974,0.010,0.029,-3.1582,<0.05,12524,E2,-1.56E-16
PFHxS,1,PE,<0.05,PE(38:4),0.73071,2.5098,0.013,0.032,-3.3663,<0.05,12524,E2,-9.73E-17
PFHxS,1,PE,<0.05,PE(38:5),0.72046,3.4695,0.001,0.008,-0.74575,<0.05,12524,E2,-1.54E-16
PFHxS,1,PE,<0.05,PE(38:6),0.61333,3.5316,0.001,0.008,-0.55142,<0.05,12524,E2,-5.26E-18
PFHxS,1,PE,<0.05,"PE(38:7),PE(37:0),PE(O-38:0)",0.49247,2.5838,0.011,0.029,-3.191,<0.05,12524,E2,3.21E-16
PFHxS,1,PE,<0.05,"PE(38:9),PE(dO-40:9),PE(37:2),PE(O-38:2),PE(P-38:1)",1.1183,4.0546,0.000,0.004,1.1926,<0.05,12524,E2,-1.22E-17
PFHxS,1,PE,<0.05,"PE(39:4),PE(O-40:4),PE(P-40:3)",0.71424,2.4616,0.015,0.032,-3.4784,<0.05,12524,E2,1.26E-16
PFHxS,1,PE,<0.05,"PE(39:5),PE(O-40:5),PE(P-40:4)",0.82022,2.967,0.004,0.018,-2.2093,<0.05,12524,E2,4.25E-16
PFHxS,1,PE,<0.05,"PE(39:6),PE(O-40:6),PE(P-40:5)",0.55266,2.5995,0.010,0.029,-3.153,<0.05,12524,E2,-8.78E-17
PFHxS,1,PE,NA,"PE(39:7),PE(P-40:6),PE(38:0),PE(O-39:0)",NA,NA,NA,NA,NA,NA,12524,E2,NA
PFHxS,1,PE,<0.05,"PE(40:10),PE(39:3),PE(O-40:3),PE(P-40:2)",0.70548,2.4782,0.014,0.032,-3.44,<0.05,12524,E2,7.70E-17
PFHxS,1,PE,<0.05,PE(40:4),0.72913,2.6323,0.009,0.029,-3.0733,<0.05,12524,E2,3.49E-16
PFHxS,1,PE,<0.05,PE(40:5),0.80403,3.0231,0.003,0.017,-2.0557,<0.05,12524,E2,3.11E-16
PFHxS,1,PE,<0.05,"PE(40:6),PE(dO-40:0)",0.69269,3.4345,0.001,0.008,-0.85389,<0.05,12524,E2,2.55E-16
PFHxS,1,PE,<0.05,"PE(40:7),PE(39:0),PE(O-40:0)",0.58566,3.1124,0.002,0.014,-1.8059,<0.05,12524,E2,-2.71E-16
PFHxS,1,PE,<0.1,"PE(40:8),PE(39:1),PE(O-40:1),PE(P-40:0)",0.48579,1.9894,0.049,0.081,-4.4682,<0.1,12524,E2,1.75E-16
PFHxS,1,PE,<0.1,"PE(40:9),PE(39:2),PE(O-40:2),PE(P-40:1)",0.5922,2.2535,0.026,0.052,-3.9386,<0.1,12524,E2,-4.37E-16
PFHxS,1,PE,<0.1,"PE(42:9),PE(41:2),PE(O-42:2),PE(P-42:1)",0.60433,2.1916,0.030,0.058,-4.0681,<0.1,12524,E2,5.34E-16
PFHxS,1,PE,<0.1,"PE(O-38:8),PE(36:1),PE(O-37:1),PE(P-37:0)",0.5903,2.0768,0.040,0.071,-4.2998,<0.1,12524,E2,-1.01E-16
PFHxS,1,PE,<0.05,"PE(O-38:9),PE(36:2),PE(O-37:2),PE(P-37:1)",0.63861,2.8509,0.005,0.021,-2.5193,<0.05,12524,E2,1.02E-17
PFHxS,1,PE,<0.05,"PE(O-40:9),PE(38:2),PE(P-39:1)",0.68123,2.4588,0.015,0.032,-3.4849,<0.05,12524,E2,5.87E-18
PFHxS,2,PS,NA,PS(38:4),NA,NA,NA,NA,NA,NA,12524,E2,NA
PFHxS,2,SM,<0.1,SM(d16:0/20:0),0.55655,2.551,0.012,0.070,-3.007,<0.1,12524,E2,-1.04E-16
PFHxS,2,SM,<0.1,SM(d16:0/22:0),0.66412,2.4232,0.017,0.070,-3.2967,<0.1,12524,E2,-4.11E-17
PFHxS,2,SM,<0.1,SM(d16:1/17:0),0.67632,2.3525,0.020,0.070,-3.4512,<0.1,12524,E2,6.26E-17
PFHxS,2,SM,<0.1,SM(d16:1/18:0),0.46693,2.0673,0.040,0.089,-4.0305,<0.1,12524,E2,1.01E-16
PFHxS,2,SM,<0.1,SM(d16:1/20:0),0.67399,2.8692,0.005,0.070,-2.2265,<0.1,12524,E2,-2.64E-16
PFHxS,2,SM,NA,SM(d16:1/20:1),NA,NA,NA,NA,NA,NA,12524,E2,NA
PFHxS,2,SM,<0.1,SM(d16:1/23:0),0.66251,2.6012,0.010,0.070,-2.8894,<0.1,12524,E2,3.10E-16
PFHxS,2,SM,<0.1,SM(d16:1/24:0),0.83889,3.2447,0.001,0.060,-1.2008,<0.1,12524,E2,1.95E-16
PFHxS,2,SM,<0.1,SM(d16:1/24:1),0.54969,2.5744,0.011,0.070,-2.9523,<0.1,12524,E2,-1.31E-16
PFHxS,2,SM,<0.1,SM(d16:1/25:0),0.70928,2.4582,0.015,0.070,-3.2188,<0.1,12524,E2,1.76E-16
PFHxS,2,SM,<0.1,SM(d17:1/24:1),0.59018,2.1421,0.034,0.086,-3.8855,<0.1,12524,E2,3.38E-16
PFHxS,2,SM,NA,SM(d17:1/26:1),NA,NA,NA,NA,NA,NA,12524,E2,NA
PFHxS,2,SM,<0.1,SM(d18:0/15:0),0.64024,2.1444,0.034,0.086,-3.881,<0.1,12524,E2,-3.67E-16
PFHxS,2,SM,<0.1,SM(d18:0/24:0),0.63411,2.1687,0.032,0.086,-3.8326,<0.1,12524,E2,-2.83E-16
PFHxS,2,SM,<0.1,SM(d18:0/24:1),0.67129,2.5704,0.011,0.070,-2.9617,<0.1,12524,E2,-7.11E-17
PFHxS,2,SM,<0.1,SM(d18:1/17:0),0.62354,2.291,0.023,0.075,-3.582,<0.1,12524,E2,-1.16E-16
PFHxS,2,SM,<0.1,SM(d18:1/19:0),0.78572,2.7842,0.006,0.070,-2.443,<0.1,12524,E2,2.66E-16
PFHxS,2,SM,<0.1,SM(d18:1/24:1(15Z)),0.50767,2.1057,0.037,0.086,-3.9566,<0.1,12524,E2,2.44E-16
PFHxS,2,SM,NA,SM(d18:1/25:0),NA,NA,NA,NA,NA,NA,12524,E2,NA
PFHxS,2,SM,<0.1,SM(d18:2/20:1),0.58584,2.1194,0.036,0.086,-3.9301,<0.1,12524,E2,-1.79E-15
PFHxS,2,SM,<0.1,SM(d18:2/21:0),0.59885,2.3606,0.019,0.070,-3.4338,<0.1,12524,E2,1.89E-16
PFHxS,2,SM,<0.1,SM(d18:2/24:1),0.63173,2.4111,0.017,0.070,-3.3235,<0.1,12524,E2,1.83E-16
PFHxS,3,CE,NA,CE(15:1),NA,NA,NA,NA,NA,NA,12524,E2,NA
PFHxS,3,DG,NA,DG(32:0)_C16:0,NA,NA,NA,NA,NA,NA,12524,E2,NA
PFHxS,3,DG,NA,DG(32:1)_C16:0,NA,NA,NA,NA,NA,NA,12524,E2,NA
PFHxS,3,DG,NA,DG(32:1)_C16:1,NA,NA,NA,NA,NA,NA,12524,E2,NA
PFHxS,3,DG,NA,DG(32:2)_C16:1,NA,NA,NA,NA,NA,NA,12524,E2,NA
PFHxS,3,DG,NA,"DG(33:1),DG(O-34:1)_C16:1",NA,NA,NA,NA,NA,NA,12524,E2,NA
PFHxS,3,DG,NA,DG(33:2)_C16:1,NA,NA,NA,NA,NA,NA,12524,E2,NA
PFHxS,3,DG,NA,DG(34:1)_C16:0,NA,NA,NA,NA,NA,NA,12524,E2,NA
PFHxS,3,DG,NA,DG(34:1)_C18:1,NA,NA,NA,NA,NA,NA,12524,E2,NA
PFHxS,3,DG,NA,DG(34:2)_C16:0,NA,NA,NA,NA,NA,NA,12524,E2,NA
PFHxS,3,DG,NA,DG(34:2)_C16:1,NA,NA,NA,NA,NA,NA,12524,E2,NA
PFHxS,3,DG,NA,DG(34:2)_C18:2,NA,NA,NA,NA,NA,NA,12524,E2,NA
PFHxS,3,DG,NA,DG(34:3)_C16:1,NA,NA,NA,NA,NA,NA,12524,E2,NA
PFHxS,3,DG,NA,DG(36:3)_C18:1,NA,NA,NA,NA,NA,NA,12524,E2,NA
PFHxS,3,DG,NA,"DG(O-38:9),DG(36:2)_C18:1",NA,NA,NA,NA,NA,NA,12524,E2,NA
PFHxS,3,TG,NA,[TG(46:1)]_FA14:0,NA,NA,NA,NA,NA,NA,12524,E2,NA
PFHxS,3,TG,NA,[TG(46:1)]_FA16:1,NA,NA,NA,NA,NA,NA,12524,E2,NA
PFHxS,3,TG,NA,[TG(48:2)]_FA14:0,NA,NA,NA,NA,NA,NA,12524,E2,NA
PFHxS,3,TG,NA,[TG(48:2)]_FA16:0,NA,NA,NA,NA,NA,NA,12524,E2,NA
PFHxS,3,TG,NA,[TG(48:2)]_FA16:1,NA,NA,NA,NA,NA,NA,12524,E2,NA
PFHxS,3,TG,NA,"[TG(48:8),TG(47:1)]_FA16:1",NA,NA,NA,NA,NA,NA,12524,E2,NA
PFHxS,3,TG,NA,"[TG(49:8),TG(48:1)]_FA16:0",NA,NA,NA,NA,NA,NA,12524,E2,NA
PFHxS,3,TG,NA,[TG(50:3)]_FA16:0,NA,NA,NA,NA,NA,NA,12524,E2,NA
PFHxS,3,TG,NA,[TG(50:3)]_FA16:1,NA,NA,NA,NA,NA,NA,12524,E2,NA
PFHxS,3,TG,NA,"[TG(50:8),TG(49:1)]_FA16:0",NA,NA,NA,NA,NA,NA,12524,E2,NA
PFHxS,3,TG,NA,"[TG(50:9),TG(49:2)]_FA16:1",NA,NA,NA,NA,NA,NA,12524,E2,NA
PFHxS,3,TG,NA,"[TG(51:8),TG(50:1)]_FA16:0",NA,NA,NA,NA,NA,NA,12524,E2,NA
PFHxS,3,TG,NA,"[TG(51:8),TG(50:1)]_FA18:1",NA,NA,NA,NA,NA,NA,12524,E2,NA
PFHxS,3,TG,NA,"[TG(51:9),TG(50:2)]_FA16:0",NA,NA,NA,NA,NA,NA,12524,E2,NA
PFHxS,3,TG,NA,"[TG(51:9),TG(50:2)]_FA16:1",NA,NA,NA,NA,NA,NA,12524,E2,NA
PFHxS,3,TG,NA,"[TG(51:9),TG(50:2)]_FA18:1",NA,NA,NA,NA,NA,NA,12524,E2,NA
PFHxS,3,TG,NA,"[TG(51:9),TG(50:2)]_FA18:2",NA,NA,NA,NA,NA,NA,12524,E2,NA
PFHxS,3,TG,NA,[TG(52:4)]_FA18:2,NA,NA,NA,NA,NA,NA,12524,E2,NA
PFHxS,3,TG,NA,[TG(52:5)]_FA20:4,NA,NA,NA,NA,NA,NA,12524,E2,NA
PFHxS,3,TG,NA,"[TG(53:10),TG(52:3)]_FA18:1",NA,NA,NA,NA,NA,NA,12524,E2,NA
PFHxS,3,TG,NA,"[TG(53:9),TG(52:2)]_FA18:1",NA,NA,NA,NA,NA,NA,12524,E2,NA
PFHxS,3,TG,NA,[TG(54:5)]_FA18:1,NA,NA,NA,NA,NA,NA,12524,E2,NA
PFHxS,3,TG,NA,"[TG(56:7),TG(55:0)]_FA22:6",NA,NA,NA,NA,NA,NA,12524,E2,NA
PFOA,1,LPC,NA,"LPC(16:1),LPC(P-17:0)",NA,NA,NA,NA,NA,NA,NA,EB,NA
PFOA,1,LPC,NA,"LPC(17:1),LPC(O-18:1),LPC(P-18:0)",NA,NA,NA,NA,NA,NA,NA,EB,NA
PFOA,1,LPC,<0.1,LPC(19:3),0.89432,3.1346,0.002,0.051,-1.4762,<0.1,102823,EB,-3.97E-16
PFOA,1,LPC,NA,"LPC(20:2),PC(O-20:2)",NA,NA,NA,NA,NA,NA,NA,EB,NA
PFOA,1,LPC,NA,LPC(20:3),NA,NA,NA,NA,NA,NA,NA,EB,NA
PFOA,1,LPC,NA,LPC(22:4),NA,NA,NA,NA,NA,NA,NA,EB,NA
PFOA,1,LPC,NA,LPC(22:5),NA,NA,NA,NA,NA,NA,NA,EB,NA
PFOA,1,LPC,NA,LPC(24:1),NA,NA,NA,NA,NA,NA,NA,EB,NA
PFOA,1,LPE,NA,LPE(20:1),NA,NA,NA,NA,NA,NA,NA,EB,NA
PFOA,1,LPE,NA,LPE(20:3),NA,NA,NA,NA,NA,NA,NA,EB,NA
PFOA,1,LPE,<0.05,LPE(20:4),0.69137,2.7498,0.007,0.044,-2.4786,<0.05,102823,EB,-1.41E-16
PFOA,1,LPE,<0.05,LPE(20:5),0.8145,2.8897,0.004,0.044,-2.129,,,EB,1.27E-16
PFOA,1,LPE,<0.05,LPE(22:4),0.72503,2.5085,0.013,0.049,-3.0449,<0.05,102823,EB,3.53E-16
PFOA,1,LPE,<0.05,LPE(22:5),0.58498,2.3774,0.019,0.049,-3.3324,<0.05,102823,EB,3.11E-16
PFOA,1,LPE,<0.05,LPE(22:6),0.51404,2.4446,0.016,0.049,-3.1869,<0.05,102823,EB,7.69E-17
PFOA,1,PC,NA,"PC(30:2),PC(P-31:1)",NA,NA,NA,NA,NA,NA,12524,E3,NA
PFOA,1,PC,NA,"PC(31:0),PC(O-32:0)",NA,NA,NA,NA,NA,NA,12524,E3,NA
PFOA,1,PC,NA,"PC(32:0),PC(O-33:0)",NA,NA,NA,NA,NA,NA,12524,E3,NA
PFOA,1,PC,NA,"PC(32:1),PC(O-33:1),PC(P-33:0)",NA,NA,NA,NA,NA,NA,12524,E3,NA
PFOA,1,PC,NA,"PC(32:2),PC(O-33:2),PC(P-33:1)",NA,NA,NA,NA,NA,NA,12524,E3,NA
PFOA,1,PC,NA,"PC(33:0),PC(O-34:0)",NA,NA,NA,NA,NA,NA,12524,E3,NA
PFOA,1,PC,NA,"PC(33:0),PC(O-34:0)",NA,NA,NA,NA,NA,NA,12524,E3,NA
PFOA,1,PC,NA,"PC(33:1),PC(O-34:1),PC(P-34:0)",NA,NA,NA,NA,NA,NA,12524,E3,NA
PFOA,1,PC,NA,"PC(33:2),PC(O-34:2),PC(P-34:1)",NA,NA,NA,NA,NA,NA,12524,E3,NA
PFOA,1,PC,NA,"PC(34:0),PC(O-35:0)",NA,NA,NA,NA,NA,NA,12524,E3,NA
PFOA,1,PC,NA,"PC(34:1),PC(O-35:1),PC(P-35:0)",NA,NA,NA,NA,NA,NA,12524,E3,NA
PFOA,1,PC,NA,"PC(34:2),PC(O-35:2),PC(P-35:1)",NA,NA,NA,NA,NA,NA,12524,E3,NA
PFOA,1,PC,NA,"PC(34:3),PC(P-35:2)",NA,NA,NA,NA,NA,NA,12524,E3,NA
PFOA,1,PC,NA,"PC(35:2),PC(O-36:2),PC(P-36:1)",NA,NA,NA,NA,NA,NA,12524,E3,NA
PFOA,1,PC,NA,"PC(35:3),PC(O-36:3),PC(P-36:2)",NA,NA,NA,NA,NA,NA,12524,E3,NA
PFOA,1,PC,NA,"PC(35:4),PC(O-36:4),PC(P-36:3)",NA,NA,NA,NA,NA,NA,12524,E3,NA
PFOA,1,PC,NA,"PC(36:3),PC(P-37:2)",NA,NA,NA,NA,NA,NA,12524,E3,NA
PFOA,1,PC,NA,"PC(36:4),PC(O-37:4)",NA,NA,NA,NA,NA,NA,12524,E3,NA
PFOA,1,PC,NA,PC(36:5),NA,NA,NA,NA,NA,NA,12524,E3,NA
PFOA,1,PC,NA,"PC(36:8),PC(35:1),PC(O-36:1),PC(P-36:0)",NA,NA,NA,NA,NA,NA,12524,E3,NA
PFOA,1,PC,NA,"PC(37:4),PC(O-38:4),PC(P-38:3)",NA,NA,NA,NA,NA,NA,12524,E3,NA
PFOA,1,PC,NA,"PC(37:6),PC(O-38:6),PC(P-38:5)",NA,NA,NA,NA,NA,NA,12524,E3,NA
PFOA,1,PC,NA,"PC(37:7),PC(P-38:6),PC(36:0),PC(O-37:0)",NA,NA,NA,NA,NA,NA,12524,E3,NA
PFOA,1,PC,NA,PC(38:3),NA,NA,NA,NA,NA,NA,12524,E3,NA
PFOA,1,PC,NA,PC(38:4),NA,NA,NA,NA,NA,NA,12524,E3,NA
PFOA,1,PC,NA,PC(38:5),NA,NA,NA,NA,NA,NA,12524,E3,NA
PFOA,1,PC,NA,PC(38:6),NA,NA,NA,NA,NA,NA,12524,E3,NA
PFOA,1,PC,NA,"PC(38:7),PC(37:0),PC(O-38:0)",NA,NA,NA,NA,NA,NA,12524,E3,NA
PFOA,1,PC,NA,"PC(38:8),PC(37:1),PC(O-38:1),PC(P-38:0)",NA,NA,NA,NA,NA,NA,12524,E3,NA
PFOA,1,PC,NA,"PC(38:9),PC(37:2),PC(O-38:2),PC(P-38:1)",NA,NA,NA,NA,NA,NA,12524,E3,NA
PFOA,1,PC,<0.05,"PC(39:6),PC(O-40:6),PC(P-40:5)",0.6492,2.6482,0.009,0.050,-2.6712,<0.05,12524,E3,4.75E-17
PFOA,1,PC,NA,"PC(39:7),PC(P-40:6),PC(38:0),PC(O-39:0)",NA,NA,NA,NA,NA,NA,12524,E3,NA
PFOA,1,PC,NA,PC(40:5),NA,NA,NA,NA,NA,NA,12524,E3,NA
PFOA,1,PC,NA,PC(40:6),NA,NA,NA,NA,NA,NA,12524,E3,NA
PFOA,1,PC,NA,"PC(40:7),PC(39:0),PC(O-40:0)",NA,NA,NA,NA,NA,NA,12524,E3,NA
PFOA,1,PC,NA,"PC(40:8),PC(39:1),PC(O-40:1),PC(P-40:0)",NA,NA,NA,NA,NA,NA,12524,E3,NA
PFOA,1,PC,NA,PC(42:3),NA,NA,NA,NA,NA,NA,12524,E3,NA
PFOA,1,PC,NA,PC(42:5),NA,NA,NA,NA,NA,NA,12524,E3,NA
PFOA,1,PC,NA,"PC(42:7),PC(41:0),PC(O-42:0)",NA,NA,NA,NA,NA,NA,12524,E3,NA
PFOA,1,PC,NA,"PC(42:8),PC(41:1),PC(O-42:1),PC(P-42:0)",NA,NA,NA,NA,NA,NA,12524,E3,NA
PFOA,1,PC,NA,"PC(O-38:8),PC(36:1),PC(O-37:1),PC(P-37:0)",NA,NA,NA,NA,NA,NA,12524,E3,NA
PFOA,1,PC,NA,"PC(O-38:9),PC(36:2),PC(O-37:2),PC(P-37:1)",NA,NA,NA,NA,NA,NA,12524,E3,NA
PFOA,1,PE,NA,"PE(20:0),LPE(21:0)",NA,NA,NA,NA,NA,NA,12524,E2,NA
PFOA,1,PE,NA,"PE(31:0),PE(O-32:0)",NA,NA,NA,NA,NA,NA,12524,E2,NA
PFOA,1,PE,NA,"PE(34:2),PE(O-35:2),PE(P-35:1)",NA,NA,NA,NA,NA,NA,12524,E2,NA
PFOA,1,PE,<0.05,"PE(35:3),PE(O-36:3),PE(P-36:2)",0.85224,3.4117,0.001,0.021,-0.80708,<0.05,12524,E2,3.48E-16
PFOA,1,PE,<0.1,"PE(36:3),PE(P-37:2)",0.43375,2.4849,0.014,0.062,-3.2704,<0.1,12524,E2,-1.10E-16
PFOA,1,PE,<0.1,"PE(36:4),PE(O-37:4)",0.48558,2.309,0.023,0.080,-3.6595,<0.1,12524,E2,8.74E-17
PFOA,1,PE,NA,PE(36:5),NA,NA,NA,NA,NA,NA,12524,E2,NA
PFOA,1,PE,NA,PE(36:6),NA,NA,NA,NA,NA,NA,12524,E2,NA
PFOA,1,PE,NA,"PE(37:4),PE(O-38:4),PE(P-38:3)",NA,NA,NA,NA,NA,NA,12524,E2,NA
PFOA,1,PE,<0.1,"PE(37:5),PE(O-38:5),PE(P-38:4)",0.71722,2.6937,0.008,0.058,-2.7749,<0.1,12524,E2,2.04E-16
PFOA,1,PE,<0.1,"PE(37:6),PE(O-38:6),PE(P-38:5)",0.54832,2.2675,0.025,0.083,-3.7476,<0.1,12524,E2,2.80E-16
PFOA,1,PE,<0.1,PE(38:3),0.61339,2.192,0.030,0.089,-3.9039,<0.1,12524,E2,-1.56E-16
PFOA,1,PE,<0.1,PE(38:4),0.78657,2.6884,0.008,0.058,-2.7879,<0.1,12524,E2,-9.73E-17
PFOA,1,PE,<0.1,PE(38:5),0.53868,2.5813,0.011,0.061,-3.0461,<0.1,12524,E2,-1.54E-16
PFOA,1,PE,<0.1,PE(38:6),0.39029,2.2363,0.027,0.084,-3.8127,<0.1,12524,E2,-5.26E-18
PFOA,1,PE,NA,"PE(38:7),PE(37:0),PE(O-38:0)",NA,NA,NA,NA,NA,NA,12524,E2,NA
PFOA,1,PE,<0.05,"PE(38:9),PE(dO-40:9),PE(37:2),PE(O-38:2),PE(P-38:1)",0.8898,3.2104,0.002,0.021,-1.3989,<0.05,12524,E2,-1.22E-17
PFOA,1,PE,NA,"PE(39:4),PE(O-40:4),PE(P-40:3)",NA,NA,NA,NA,NA,NA,12524,E2,NA
PFOA,1,PE,<0.1,"PE(39:5),PE(O-40:5),PE(P-40:4)",0.71653,2.5791,0.011,0.061,-3.0512,<0.1,12524,E2,4.25E-16
PFOA,1,PE,NA,"PE(39:6),PE(O-40:6),PE(P-40:5)",NA,NA,NA,NA,NA,NA,12524,E2,NA
PFOA,1,PE,<0.1,"PE(39:7),PE(P-40:6),PE(38:0),PE(O-39:0)",0.58364,2.4386,0.016,0.062,-3.3753,<0.1,12524,E2,-3.02E-16
PFOA,1,PE,NA,"PE(40:10),PE(39:3),PE(O-40:3),PE(P-40:2)",NA,NA,NA,NA,NA,NA,12524,E2,NA
PFOA,1,PE,NA,PE(40:4),NA,NA,NA,NA,NA,NA,12524,E2,NA
PFOA,1,PE,NA,PE(40:5),NA,NA,NA,NA,NA,NA,12524,E2,NA
PFOA,1,PE,<0.1,"PE(40:6),PE(dO-40:0)",0.57244,2.8243,0.005,0.055,-2.447,<0.1,12524,E2,2.55E-16
PFOA,1,PE,<0.05,"PE(40:7),PE(39:0),PE(O-40:0)",0.61916,3.2742,0.001,0.021,-1.2144,<0.05,12524,E2,-2.71E-16
PFOA,1,PE,NA,"PE(40:8),PE(39:1),PE(O-40:1),PE(P-40:0)",NA,NA,NA,NA,NA,NA,12524,E2,NA
PFOA,1,PE,NA,"PE(40:9),PE(39:2),PE(O-40:2),PE(P-40:1)",NA,NA,NA,NA,NA,NA,12524,E2,NA
PFOA,1,PE,<0.05,"PE(42:9),PE(41:2),PE(O-42:2),PE(P-42:1)",0.97644,3.5237,0.001,0.021,-0.4651,<0.05,12524,E2,5.34E-16
PFOA,1,PE,<0.1,"PE(O-38:8),PE(36:1),PE(O-37:1),PE(P-37:0)",0.70777,2.4778,0.014,0.062,-3.2865,<0.1,12524,E2,-1.01E-16
PFOA,1,PE,<0.1,"PE(O-38:9),PE(36:2),PE(O-37:2),PE(P-37:1)",0.54967,2.4417,0.016,0.062,-3.3683,<0.1,12524,E2,1.02E-17
PFOA,1,PE,NA,"PE(O-40:9),PE(38:2),PE(P-39:1)",NA,NA,NA,NA,NA,NA,12524,E2,NA
PFOA,2,PS,<0.1,PS(38:4),0.5733,2.6651,0.008,0.085,-2.6226,<0.1,12524,E2,-2.95E-17
PFOA,2,SM,NA,SM(d16:0/20:0),NA,NA,NA,NA,NA,NA,12524,E2,NA
PFOA,2,SM,NA,SM(d16:0/22:0),NA,NA,NA,NA,NA,NA,12524,E2,NA
PFOA,2,SM,<0.05,SM(d16:1/17:0),0.95614,3.4051,0.001,0.035,-0.77073,<0.05,12524,E2,6.26E-17
PFOA,2,SM,NA,SM(d16:1/18:0),NA,NA,NA,NA,NA,NA,12524,E2,NA
PFOA,2,SM,<0.1,SM(d16:1/20:0),0.52604,2.2928,0.023,0.100,-3.6531,<0.1,12524,E2,-2.64E-16
PFOA,2,SM,NA,SM(d16:1/20:1),NA,NA,NA,NA,NA,NA,12524,E2,NA
PFOA,2,SM,<0.1,SM(d16:1/23:0),0.5447,2.1896,0.030,0.100,-3.8679,<0.1,12524,E2,3.10E-16
PFOA,2,SM,<0.1,SM(d16:1/24:0),0.76327,3.0226,0.003,0.053,-1.8754,<0.1,12524,E2,1.95E-16
PFOA,2,SM,NA,SM(d16:1/24:1),NA,NA,NA,NA,NA,NA,12524,E2,NA
PFOA,2,SM,<0.1,SM(d16:1/25:0),0.61389,2.1783,0.031,0.100,-3.8909,<0.1,12524,E2,1.76E-16
PFOA,2,SM,<0.1,SM(d17:1/24:1),0.6886,2.5589,0.011,0.076,-3.0566,<0.1,12524,E2,3.38E-16
PFOA,2,SM,<0.1,SM(d17:1/26:1),0.63885,2.2002,0.029,0.100,-3.8463,<0.1,12524,E2,8.78E-18
PFOA,2,SM,<0.1,SM(d18:0/15:0),0.75286,2.5817,0.011,0.076,-3.0027,<0.1,12524,E2,-3.67E-16
PFOA,2,SM,<0.1,SM(d18:0/24:0),0.72054,2.5231,0.013,0.076,-3.1404,<0.1,12524,E2,-2.83E-16
PFOA,2,SM,NA,SM(d18:0/24:1),NA,NA,NA,NA,NA,NA,12524,E2,NA
PFOA,2,SM,<0.1,SM(d18:1/17:0),0.59253,2.229,0.027,0.100,-3.787,<0.1,12524,E2,-1.16E-16
PFOA,2,SM,<0.1,SM(d18:1/19:0),0.80957,2.9371,0.004,0.053,-2.1063,<0.1,12524,E2,2.66E-16
PFOA,2,SM,NA,SM(d18:1/24:1(15Z)),NA,NA,NA,NA,NA,NA,12524,E2,NA
PFOA,2,SM,NA,SM(d18:1/25:0),NA,NA,NA,NA,NA,NA,12524,E2,NA
PFOA,2,SM,NA,SM(d18:2/20:1),NA,NA,NA,NA,NA,NA,12524,E2,NA
PFOA,2,SM,<0.1,SM(d18:2/21:0),0.69865,2.8196,0.005,0.057,-2.4141,<0.1,12524,E2,1.89E-16
PFOA,2,SM,<0.1,SM(d18:2/24:1),0.60887,2.3793,0.019,0.097,-3.4659,<0.1,12524,E2,1.83E-16
PFOA,3,CE,NA,CE(15:1),NA,NA,NA,NA,NA,NA,12524,E2,NA
PFOA,3,DG,NA,DG(32:0)_C16:0,NA,NA,NA,NA,NA,NA,12524,E2,NA
PFOA,3,DG,NA,DG(32:1)_C16:0,NA,NA,NA,NA,NA,NA,12524,E2,NA
PFOA,3,DG,NA,DG(32:1)_C16:1,NA,NA,NA,NA,NA,NA,12524,E2,NA
PFOA,3,DG,NA,DG(32:2)_C16:1,NA,NA,NA,NA,NA,NA,12524,E2,NA
PFOA,3,DG,NA,"DG(33:1),DG(O-34:1)_C16:1",NA,NA,NA,NA,NA,NA,12524,E2,NA
PFOA,3,DG,NA,DG(33:2)_C16:1,NA,NA,NA,NA,NA,NA,12524,E2,NA
PFOA,3,DG,NA,DG(34:1)_C16:0,NA,NA,NA,NA,NA,NA,12524,E2,NA
PFOA,3,DG,NA,DG(34:1)_C18:1,NA,NA,NA,NA,NA,NA,12524,E2,NA
PFOA,3,DG,NA,DG(34:2)_C16:0,NA,NA,NA,NA,NA,NA,12524,E2,NA
PFOA,3,DG,NA,DG(34:2)_C16:1,NA,NA,NA,NA,NA,NA,12524,E2,NA
PFOA,3,DG,NA,DG(34:2)_C18:2,NA,NA,NA,NA,NA,NA,12524,E2,NA
PFOA,3,DG,NA,DG(34:3)_C16:1,NA,NA,NA,NA,NA,NA,12524,E2,NA
PFOA,3,DG,NA,DG(36:3)_C18:1,NA,NA,NA,NA,NA,NA,12524,E2,NA
PFOA,3,DG,NA,"DG(O-38:9),DG(36:2)_C18:1",NA,NA,NA,NA,NA,NA,12524,E2,NA
PFOA,3,TG,NA,[TG(46:1)]_FA14:0,NA,NA,NA,NA,NA,NA,12524,E2,NA
PFOA,3,TG,NA,[TG(46:1)]_FA16:1,NA,NA,NA,NA,NA,NA,12524,E2,NA
PFOA,3,TG,NA,[TG(48:2)]_FA14:0,NA,NA,NA,NA,NA,NA,12524,E2,NA
PFOA,3,TG,NA,[TG(48:2)]_FA16:0,NA,NA,NA,NA,NA,NA,12524,E2,NA
PFOA,3,TG,NA,[TG(48:2)]_FA16:1,NA,NA,NA,NA,NA,NA,12524,E2,NA
PFOA,3,TG,NA,"[TG(48:8),TG(47:1)]_FA16:1",NA,NA,NA,NA,NA,NA,12524,E2,NA
PFOA,3,TG,NA,"[TG(49:8),TG(48:1)]_FA16:0",NA,NA,NA,NA,NA,NA,12524,E2,NA
PFOA,3,TG,NA,[TG(50:3)]_FA16:0,NA,NA,NA,NA,NA,NA,12524,E2,NA
PFOA,3,TG,NA,[TG(50:3)]_FA16:1,NA,NA,NA,NA,NA,NA,12524,E2,NA
PFOA,3,TG,NA,"[TG(50:8),TG(49:1)]_FA16:0",NA,NA,NA,NA,NA,NA,12524,E2,NA
PFOA,3,TG,NA,"[TG(50:9),TG(49:2)]_FA16:1",NA,NA,NA,NA,NA,NA,12524,E2,NA
PFOA,3,TG,NA,"[TG(51:8),TG(50:1)]_FA16:0",NA,NA,NA,NA,NA,NA,12524,E2,NA
PFOA,3,TG,NA,"[TG(51:8),TG(50:1)]_FA18:1",NA,NA,NA,NA,NA,NA,12524,E2,NA
PFOA,3,TG,NA,"[TG(51:9),TG(50:2)]_FA16:0",NA,NA,NA,NA,NA,NA,12524,E2,NA
PFOA,3,TG,NA,"[TG(51:9),TG(50:2)]_FA16:1",NA,NA,NA,NA,NA,NA,12524,E2,NA
PFOA,3,TG,NA,"[TG(51:9),TG(50:2)]_FA18:1",NA,NA,NA,NA,NA,NA,12524,E2,NA
PFOA,3,TG,NA,"[TG(51:9),TG(50:2)]_FA18:2",NA,NA,NA,NA,NA,NA,12524,E2,NA
PFOA,3,TG,NA,[TG(52:4)]_FA18:2,NA,NA,NA,NA,NA,NA,12524,E2,NA
PFOA,3,TG,NA,[TG(52:5)]_FA20:4,NA,NA,NA,NA,NA,NA,12524,E2,NA
PFOA,3,TG,NA,"[TG(53:10),TG(52:3)]_FA18:1",NA,NA,NA,NA,NA,NA,12524,E2,NA
PFOA,3,TG,NA,"[TG(53:9),TG(52:2)]_FA18:1",NA,NA,NA,NA,NA,NA,12524,E2,NA
PFOA,3,TG,NA,[TG(54:5)]_FA18:1,NA,NA,NA,NA,NA,NA,12524,E2,NA
PFOA,3,TG,NA,"[TG(56:7),TG(55:0)]_FA22:6",NA,NA,NA,NA,NA,NA,12524,E2,NA
PFOS,1,LPC,<0.1,"LPC(16:1),LPC(P-17:0)",0.6492,2.4668,0.014,0.087,-3.0695,<0.1,102823,EB,-1.02E-16
PFOS,1,LPC,<0.1,"LPC(17:1),LPC(O-18:1),LPC(P-18:0)",0.73178,2.5147,0.013,0.087,-2.9864,<0.1,102823,EB,-3.17E-17
PFOS,1,LPC,<0.1,LPC(19:3),0.6808,2.3616,0.019,0.087,-3.2472,<0.1,102823,EB,-3.97E-16
PFOS,1,LPC,<0.1,"LPC(20:2),PC(O-20:2)",0.64918,2.3951,0.017,0.087,-3.1915,<0.1,102823,EB,-9.13E-17
PFOS,1,LPC,<0.1,LPC(20:3),0.55742,2.1877,0.030,0.097,-3.5248,<0.1,102823,EB,5.43E-17
PFOS,1,LPC,<0.1,LPC(22:4),0.64738,2.3096,0.022,0.087,-3.3322,<0.1,102823,EB,-1.97E-16
PFOS,1,LPC,<0.1,LPC(22:5),0.58892,2.2824,0.023,0.087,-3.376,<0.1,102823,EB,1.20E-16
PFOS,1,LPC,<0.1,LPC(24:1),0.64933,2.3513,0.020,0.087,-3.2642,<0.1,102823,EB,-1.84E-16
PFOS,1,LPE,<0.1,LPE(20:1),0.66134,2.1953,0.030,0.064,-3.6541,<0.1,102823,EB,-6.10E-16
PFOS,1,LPE,<0.05,LPE(20:3),0.6475,2.7643,0.006,0.042,-2.4074,<0.05,102823,EB,2.81E-16
PFOS,1,LPE,<0.1,LPE(20:4),0.61351,2.3868,0.018,0.059,-3.2639,<0.1,102823,EB,-1.41E-16
PFOS,1,LPE,<0.1,LPE(20:5),0.65543,2.2746,0.024,0.063,-3.4963,<0.1,102823,EB,1.27E-16
PFOS,1,LPE,NA,LPE(22:4),NA,NA,NA,NA,NA,NA,NA,EB,NA
PFOS,1,LPE,<0.05,LPE(22:5),0.69861,2.7772,0.006,0.042,-2.376,<0.05,102823,EB,3.11E-16
PFOS,1,LPE,<0.05,LPE(22:6),0.55424,2.5781,0.011,0.047,-2.844,<0.05,102823,EB,7.69E-17
PFOS,1,PC,NA,"PC(30:2),PC(P-31:1)",NA,NA,NA,NA,NA,NA,12524,E3,NA
PFOS,1,PC,NA,"PC(31:0),PC(O-32:0)",NA,NA,NA,NA,NA,NA,12524,E3,NA
PFOS,1,PC,NA,"PC(32:0),PC(O-33:0)",NA,NA,NA,NA,NA,NA,12524,E3,NA
PFOS,1,PC,NA,"PC(32:1),PC(O-33:1),PC(P-33:0)",NA,NA,NA,NA,NA,NA,12524,E3,NA
PFOS,1,PC,NA,"PC(32:2),PC(O-33:2),PC(P-33:1)",NA,NA,NA,NA,NA,NA,12524,E3,NA
PFOS,1,PC,NA,"PC(33:0),PC(O-34:0)",NA,NA,NA,NA,NA,NA,12524,E3,NA
PFOS,1,PC,NA,"PC(33:0),PC(O-34:0)",NA,NA,NA,NA,NA,NA,12524,E3,NA
PFOS,1,PC,NA,"PC(33:1),PC(O-34:1),PC(P-34:0)",NA,NA,NA,NA,NA,NA,12524,E3,NA
PFOS,1,PC,NA,"PC(33:2),PC(O-34:2),PC(P-34:1)",NA,NA,NA,NA,NA,NA,12524,E3,NA
PFOS,1,PC,NA,"PC(34:0),PC(O-35:0)",NA,NA,NA,NA,NA,NA,12524,E3,NA
PFOS,1,PC,NA,"PC(34:1),PC(O-35:1),PC(P-35:0)",NA,NA,NA,NA,NA,NA,12524,E3,NA
PFOS,1,PC,NA,"PC(34:2),PC(O-35:2),PC(P-35:1)",NA,NA,NA,NA,NA,NA,12524,E3,NA
PFOS,1,PC,NA,"PC(34:3),PC(P-35:2)",NA,NA,NA,NA,NA,NA,12524,E3,NA
PFOS,1,PC,NA,"PC(35:2),PC(O-36:2),PC(P-36:1)",NA,NA,NA,NA,NA,NA,12524,E3,NA
PFOS,1,PC,NA,"PC(35:3),PC(O-36:3),PC(P-36:2)",NA,NA,NA,NA,NA,NA,12524,E3,NA
PFOS,1,PC,NA,"PC(35:4),PC(O-36:4),PC(P-36:3)",NA,NA,NA,NA,NA,NA,12524,E3,NA
PFOS,1,PC,NA,"PC(36:3),PC(P-37:2)",NA,NA,NA,NA,NA,NA,12524,E3,NA
PFOS,1,PC,NA,"PC(36:4),PC(O-37:4)",NA,NA,NA,NA,NA,NA,12524,E3,NA
PFOS,1,PC,NA,PC(36:5),NA,NA,NA,NA,NA,NA,12524,E3,NA
PFOS,1,PC,NA,"PC(36:8),PC(35:1),PC(O-36:1),PC(P-36:0)",NA,NA,NA,NA,NA,NA,12524,E3,NA
PFOS,1,PC,NA,"PC(37:4),PC(O-38:4),PC(P-38:3)",NA,NA,NA,NA,NA,NA,12524,E3,NA
PFOS,1,PC,NA,"PC(37:6),PC(O-38:6),PC(P-38:5)",NA,NA,NA,NA,NA,NA,12524,E3,NA
PFOS,1,PC,NA,"PC(37:7),PC(P-38:6),PC(36:0),PC(O-37:0)",NA,NA,NA,NA,NA,NA,12524,E3,NA
PFOS,1,PC,NA,PC(38:3),NA,NA,NA,NA,NA,NA,12524,E3,NA
PFOS,1,PC,NA,PC(38:4),NA,NA,NA,NA,NA,NA,12524,E3,NA
PFOS,1,PC,NA,PC(38:5),NA,NA,NA,NA,NA,NA,12524,E3,NA
PFOS,1,PC,NA,PC(38:6),NA,NA,NA,NA,NA,NA,12524,E3,NA
PFOS,1,PC,NA,"PC(38:7),PC(37:0),PC(O-38:0)",NA,NA,NA,NA,NA,NA,12524,E3,NA
PFOS,1,PC,NA,"PC(38:8),PC(37:1),PC(O-38:1),PC(P-38:0)",NA,NA,NA,NA,NA,NA,12524,E3,NA
PFOS,1,PC,NA,"PC(38:9),PC(37:2),PC(O-38:2),PC(P-38:1)",NA,NA,NA,NA,NA,NA,12524,E3,NA
PFOS,1,PC,NA,"PC(39:6),PC(O-40:6),PC(P-40:5)",NA,NA,NA,NA,NA,NA,12524,E3,NA
PFOS,1,PC,NA,"PC(39:7),PC(P-40:6),PC(38:0),PC(O-39:0)",NA,NA,NA,NA,NA,NA,12524,E3,NA
PFOS,1,PC,NA,PC(40:5),NA,NA,NA,NA,NA,NA,12524,E3,NA
PFOS,1,PC,NA,PC(40:6),NA,NA,NA,NA,NA,NA,12524,E3,NA
PFOS,1,PC,NA,"PC(40:7),PC(39:0),PC(O-40:0)",NA,NA,NA,NA,NA,NA,12524,E3,NA
PFOS,1,PC,NA,"PC(40:8),PC(39:1),PC(O-40:1),PC(P-40:0)",NA,NA,NA,NA,NA,NA,12524,E3,NA
PFOS,1,PC,NA,PC(42:3),NA,NA,NA,NA,NA,NA,12524,E3,NA
PFOS,1,PC,NA,PC(42:5),NA,NA,NA,NA,NA,NA,12524,E3,NA
PFOS,1,PC,NA,"PC(42:7),PC(41:0),PC(O-42:0)",NA,NA,NA,NA,NA,NA,12524,E3,NA
PFOS,1,PC,NA,"PC(42:8),PC(41:1),PC(O-42:1),PC(P-42:0)",NA,NA,NA,NA,NA,NA,12524,E3,NA
PFOS,1,PC,NA,"PC(O-38:8),PC(36:1),PC(O-37:1),PC(P-37:0)",NA,NA,NA,NA,NA,NA,12524,E3,NA
PFOS,1,PC,NA,"PC(O-38:9),PC(36:2),PC(O-37:2),PC(P-37:1)",NA,NA,NA,NA,NA,NA,12524,E3,NA
PFOS,1,PE,<0.1,"PE(20:0),LPE(21:0)",0.59659,2.0169,0.046,0.095,-4.329,<0.1,12524,E2,-2.19E-16
PFOS,1,PE,<0.1,"PE(31:0),PE(O-32:0)",0.73253,2.4885,0.014,0.054,-3.3359,<0.1,12524,E2,-4.78E-16
PFOS,1,PE,<0.1,"PE(34:2),PE(O-35:2),PE(P-35:1)",0.3245,1.9913,0.049,0.097,-4.3775,<0.1,12524,E2,8.74E-17
PFOS,1,PE,NA,"PE(35:3),PE(O-36:3),PE(P-36:2)",NA,NA,NA,NA,NA,NA,12524,E2,NA
PFOS,1,PE,<0.1,"PE(36:3),PE(P-37:2)",0.43427,2.4579,0.015,0.054,-3.4062,<0.1,12524,E2,-1.10E-16
PFOS,1,PE,NA,"PE(36:4),PE(O-37:4)",NA,NA,NA,NA,NA,NA,12524,E2,NA
PFOS,1,PE,<0.1,PE(36:5),0.38463,2.4543,0.015,0.054,-3.4143,<0.1,12524,E2,-7.07E-17
PFOS,1,PE,<0.1,PE(36:6),0.54958,2.4576,0.015,0.054,-3.4067,<0.1,12524,E2,-3.17E-16
PFOS,1,PE,<0.05,"PE(37:4),PE(O-38:4),PE(P-38:3)",0.65105,2.7106,0.008,0.048,-2.8028,<0.05,12524,E2,2.19E-16
PFOS,1,PE,<0.05,"PE(37:5),PE(O-38:5),PE(P-38:4)",0.79414,2.9467,0.004,0.038,-2.1919,<0.05,12524,E2,2.04E-16
PFOS,1,PE,NA,"PE(37:6),PE(O-38:6),PE(P-38:5)",NA,NA,NA,NA,NA,NA,12524,E2,NA
PFOS,1,PE,<0.1,PE(38:3),0.6903,2.4371,0.016,0.054,-3.4533,<0.1,12524,E2,-1.56E-16
PFOS,1,PE,<0.1,PE(38:4),0.66574,2.248,0.026,0.066,-3.8663,<0.1,12524,E2,-9.73E-17
PFOS,1,PE,<0.05,PE(38:5),0.5876,2.7818,0.006,0.045,-2.6232,<0.05,12524,E2,-1.54E-16
PFOS,1,PE,<0.05,PE(38:6),0.49044,2.7762,0.006,0.045,-2.6374,<0.05,12524,E2,-5.26E-18
PFOS,1,PE,<0.1,"PE(38:7),PE(37:0),PE(O-38:0)",0.40338,2.0806,0.039,0.090,-4.2062,<0.1,12524,E2,3.21E-16
PFOS,1,PE,<0.1,"PE(38:9),PE(dO-40:9),PE(37:2),PE(O-38:2),PE(P-38:1)",0.62267,2.2195,0.028,0.067,-3.926,<0.1,12524,E2,-1.22E-17
PFOS,1,PE,NA,"PE(39:4),PE(O-40:4),PE(P-40:3)",NA,NA,NA,NA,NA,NA,12524,E2,NA
PFOS,1,PE,<0.1,"PE(39:5),PE(O-40:5),PE(P-40:4)",0.63075,2.243,0.027,0.066,-3.8768,<0.1,12524,E2,4.25E-16
PFOS,1,PE,<0.05,"PE(39:6),PE(O-40:6),PE(P-40:5)",0.6696,3.0962,0.002,0.038,-1.7819,<0.05,12524,E2,-8.78E-17
PFOS,1,PE,<0.05,"PE(39:7),PE(P-40:6),PE(38:0),PE(O-39:0)",0.90747,3.746,0.000,0.013,0.1959,<0.05,12524,E2,-3.02E-16
PFOS,1,PE,<0.1,"PE(40:10),PE(39:3),PE(O-40:3),PE(P-40:2)",0.58589,2.0233,0.045,0.095,-4.3169,<0.1,12524,E2,7.70E-17
PFOS,1,PE,NA,PE(40:4),NA,NA,NA,NA,NA,NA,12524,E2,NA
PFOS,1,PE,NA,PE(40:5),NA,NA,NA,NA,NA,NA,12524,E2,NA
PFOS,1,PE,<0.05,"PE(40:6),PE(dO-40:0)",0.60524,2.9501,0.004,0.038,-2.1826,<0.05,12524,E2,2.55E-16
PFOS,1,PE,<0.05,"PE(40:7),PE(39:0),PE(O-40:0)",0.58708,3.0671,0.003,0.038,-1.863,<0.05,12524,E2,-2.71E-16
PFOS,1,PE,NA,"PE(40:8),PE(39:1),PE(O-40:1),PE(P-40:0)",NA,NA,NA,NA,NA,NA,12524,E2,NA
PFOS,1,PE,<0.1,"PE(40:9),PE(39:2),PE(O-40:2),PE(P-40:1)",0.67074,2.5092,0.013,0.054,-3.288,<0.1,12524,E2,-4.37E-16
PFOS,1,PE,<0.1,"PE(42:9),PE(41:2),PE(O-42:2),PE(P-42:1)",0.63609,2.2678,0.025,0.066,-3.8246,<0.1,12524,E2,5.34E-16
PFOS,1,PE,<0.1,"PE(O-38:8),PE(36:1),PE(O-37:1),PE(P-37:0)",0.6533,2.2596,0.025,0.066,-3.8419,<0.1,12524,E2,-1.01E-16
PFOS,1,PE,<0.1,"PE(O-38:9),PE(36:2),PE(O-37:2),PE(P-37:1)",0.51182,2.2462,0.026,0.066,-3.8701,<0.1,12524,E2,1.02E-17
PFOS,1,PE,<0.1,"PE(O-40:9),PE(38:2),PE(P-39:1)",0.69104,2.452,0.016,0.054,-3.4196,<0.1,12524,E2,5.87E-18
PFOS,2,PS,NA,PS(38:4),NA,NA,NA,NA,NA,NA,12524,E2,NA
PFOS,2,SM,NA,SM(d16:0/20:0),NA,NA,NA,NA,NA,NA,12524,E2,NA
PFOS,2,SM,<0.1,SM(d16:0/22:0),0.68082,2.517,0.013,0.088,-3.1003,<0.1,12524,E2,-4.11E-17
PFOS,2,SM,NA,SM(d16:1/17:0),NA,NA,NA,NA,NA,NA,12524,E2,NA
PFOS,2,SM,NA,SM(d16:1/18:0),NA,NA,NA,NA,NA,NA,12524,E2,NA
PFOS,2,SM,NA,SM(d16:1/20:0),NA,NA,NA,NA,NA,NA,12524,E2,NA
PFOS,2,SM,NA,SM(d16:1/20:1),NA,NA,NA,NA,NA,NA,12524,E2,NA
PFOS,2,SM,<0.05,SM(d16:1/23:0),0.72026,2.8654,0.005,0.046,-2.249,<0.05,12524,E2,3.10E-16
PFOS,2,SM,<0.05,SM(d16:1/24:0),0.83622,3.2772,0.001,0.046,-1.1163,<0.05,12524,E2,1.95E-16
PFOS,2,SM,<0.1,SM(d16:1/24:1),0.49961,2.3708,0.019,0.088,-3.4274,<0.1,12524,E2,-1.31E-16
PFOS,2,SM,<0.05,SM(d16:1/25:0),0.86272,3.0295,0.003,0.046,-1.8136,<0.05,12524,E2,1.76E-16
PFOS,2,SM,<0.05,SM(d17:1/24:1),0.76629,2.8181,0.005,0.046,-2.3705,<0.05,12524,E2,3.38E-16
PFOS,2,SM,<0.1,SM(d17:1/26:1),0.65997,2.2494,0.026,0.099,-3.6853,<0.1,12524,E2,8.78E-18
PFOS,2,SM,NA,SM(d18:0/15:0),NA,NA,NA,NA,NA,NA,12524,E2,NA
PFOS,2,SM,<0.05,SM(d18:0/24:0),0.85766,2.9721,0.003,0.046,-1.9685,<0.05,12524,E2,-2.83E-16
PFOS,2,SM,NA,SM(d18:0/24:1),NA,NA,NA,NA,NA,NA,12524,E2,NA
PFOS,2,SM,<0.1,SM(d18:1/17:0),0.64549,2.403,0.017,0.088,-3.3569,<0.1,12524,E2,-1.16E-16
PFOS,2,SM,<0.1,SM(d18:1/19:0),0.63711,2.2875,0.023,0.099,-3.6058,<0.1,12524,E2,2.66E-16
PFOS,2,SM,NA,SM(d18:1/24:1(15Z)),NA,NA,NA,NA,NA,NA,12524,E2,NA
PFOS,2,SM,<0.1,SM(d18:1/25:0),0.67969,2.459,0.015,0.088,-3.2323,<0.1,12524,E2,-2.22E-16
PFOS,2,SM,NA,SM(d18:2/20:1),NA,NA,NA,NA,NA,NA,12524,E2,NA
PFOS,2,SM,NA,SM(d18:2/21:0),NA,NA,NA,NA,NA,NA,12524,E2,NA
PFOS,2,SM,NA,SM(d18:2/24:1),NA,NA,NA,NA,NA,NA,12524,E2,NA
PFOS,3,CE,NA,CE(15:1),NA,NA,NA,NA,NA,NA,12524,E2,NA
PFOS,3,DG,NA,DG(32:0)_C16:0,NA,NA,NA,NA,NA,NA,12524,E2,NA
PFOS,3,DG,NA,DG(32:1)_C16:0,NA,NA,NA,NA,NA,NA,12524,E2,NA
PFOS,3,DG,NA,DG(32:1)_C16:1,NA,NA,NA,NA,NA,NA,12524,E2,NA
PFOS,3,DG,NA,DG(32:2)_C16:1,NA,NA,NA,NA,NA,NA,12524,E2,NA
PFOS,3,DG,NA,"DG(33:1),DG(O-34:1)_C16:1",NA,NA,NA,NA,NA,NA,12524,E2,NA
PFOS,3,DG,NA,DG(33:2)_C16:1,NA,NA,NA,NA,NA,NA,12524,E2,NA
PFOS,3,DG,NA,DG(34:1)_C16:0,NA,NA,NA,NA,NA,NA,12524,E2,NA
PFOS,3,DG,NA,DG(34:1)_C18:1,NA,NA,NA,NA,NA,NA,12524,E2,NA
PFOS,3,DG,NA,DG(34:2)_C16:0,NA,NA,NA,NA,NA,NA,12524,E2,NA
PFOS,3,DG,NA,DG(34:2)_C16:1,NA,NA,NA,NA,NA,NA,12524,E2,NA
PFOS,3,DG,NA,DG(34:2)_C18:2,NA,NA,NA,NA,NA,NA,12524,E2,NA
PFOS,3,DG,NA,DG(34:3)_C16:1,NA,NA,NA,NA,NA,NA,12524,E2,NA
PFOS,3,DG,NA,DG(36:3)_C18:1,NA,NA,NA,NA,NA,NA,12524,E2,NA
PFOS,3,DG,NA,"DG(O-38:9),DG(36:2)_C18:1",NA,NA,NA,NA,NA,NA,12524,E2,NA
PFOS,3,TG,NA,[TG(46:1)]_FA14:0,NA,NA,NA,NA,NA,NA,12524,E2,NA
PFOS,3,TG,NA,[TG(46:1)]_FA16:1,NA,NA,NA,NA,NA,NA,12524,E2,NA
PFOS,3,TG,NA,[TG(48:2)]_FA14:0,NA,NA,NA,NA,NA,NA,12524,E2,NA
PFOS,3,TG,NA,[TG(48:2)]_FA16:0,NA,NA,NA,NA,NA,NA,12524,E2,NA
PFOS,3,TG,NA,[TG(48:2)]_FA16:1,NA,NA,NA,NA,NA,NA,12524,E2,NA
PFOS,3,TG,NA,"[TG(48:8),TG(47:1)]_FA16:1",NA,NA,NA,NA,NA,NA,12524,E2,NA
PFOS,3,TG,NA,"[TG(49:8),TG(48:1)]_FA16:0",NA,NA,NA,NA,NA,NA,12524,E2,NA
PFOS,3,TG,NA,[TG(50:3)]_FA16:0,NA,NA,NA,NA,NA,NA,12524,E2,NA
PFOS,3,TG,NA,[TG(50:3)]_FA16:1,NA,NA,NA,NA,NA,NA,12524,E2,NA
PFOS,3,TG,NA,"[TG(50:8),TG(49:1)]_FA16:0",NA,NA,NA,NA,NA,NA,12524,E2,NA
PFOS,3,TG,NA,"[TG(50:9),TG(49:2)]_FA16:1",NA,NA,NA,NA,NA,NA,12524,E2,NA
PFOS,3,TG,NA,"[TG(51:8),TG(50:1)]_FA16:0",NA,NA,NA,NA,NA,NA,12524,E2,NA
PFOS,3,TG,NA,"[TG(51:8),TG(50:1)]_FA18:1",NA,NA,NA,NA,NA,NA,12524,E2,NA
PFOS,3,TG,NA,"[TG(51:9),TG(50:2)]_FA16:0",NA,NA,NA,NA,NA,NA,12524,E2,NA
PFOS,3,TG,NA,"[TG(51:9),TG(50:2)]_FA16:1",NA,NA,NA,NA,NA,NA,12524,E2,NA
PFOS,3,TG,NA,"[TG(51:9),TG(50:2)]_FA18:1",NA,NA,NA,NA,NA,NA,12524,E2,NA
PFOS,3,TG,NA,"[TG(51:9),TG(50:2)]_FA18:2",NA,NA,NA,NA,NA,NA,12524,E2,NA
PFOS,3,TG,NA,[TG(52:4)]_FA18:2,NA,NA,NA,NA,NA,NA,12524,E2,NA
PFOS,3,TG,NA,[TG(52:5)]_FA20:4,NA,NA,NA,NA,NA,NA,12524,E2,NA
PFOS,3,TG,NA,"[TG(53:10),TG(52:3)]_FA18:1",NA,NA,NA,NA,NA,NA,12524,E2,NA
PFOS,3,TG,NA,"[TG(53:9),TG(52:2)]_FA18:1",NA,NA,NA,NA,NA,NA,12524,E2,NA
PFOS,3,TG,NA,[TG(54:5)]_FA18:1,NA,NA,NA,NA,NA,NA,12524,E2,NA
PFOS,3,TG,NA,"[TG(56:7),TG(55:0)]_FA22:6",NA,NA,NA,NA,NA,NA,12524,E2,NA